origin,review_status,game_id,game_name,category_id,category_name,item_id,kind,prompt,answers_or_aliases,reason
ORIGINAL,KEEP,bara-al-salafa,برا السالفة,animals,حيوانات,animals-1,word,أسد,,ORIGINAL. من المحتوى المُراجع سابقًا؛ لا توجد علة واضحة تستدعي الحذف.
ORIGINAL,KEEP,bara-al-salafa,برا السالفة,animals,حيوانات,animals-2,word,نمر,,ORIGINAL. من المحتوى المُراجع سابقًا؛ لا توجد علة واضحة تستدعي الحذف.
ORIGINAL,KEEP,bara-al-salafa,برا السالفة,animals,حيوانات,animals-3,word,فيل,,ORIGINAL. من المحتوى المُراجع سابقًا؛ لا توجد علة واضحة تستدعي الحذف.
ORIGINAL,KEEP,bara-al-salafa,برا السالفة,animals,حيوانات,animals-4,word,زرافة,,ORIGINAL. من المحتوى المُراجع سابقًا؛ لا توجد علة واضحة تستدعي الحذف.
ORIGINAL,KEEP,bara-al-salafa,برا السالفة,animals,حيوانات,animals-5,word,قرد,,ORIGINAL. من المحتوى المُراجع سابقًا؛ لا توجد علة واضحة تستدعي الحذف.
ORIGINAL,KEEP,bara-al-salafa,برا السالفة,animals,حيوانات,animals-6,word,دب,,ORIGINAL. من المحتوى المُراجع سابقًا؛ لا توجد علة واضحة تستدعي الحذف.
ORIGINAL,KEEP,bara-al-salafa,برا السالفة,animals,حيوانات,animals-7,word,ذئب,,ORIGINAL. من المحتوى المُراجع سابقًا؛ لا توجد علة واضحة تستدعي الحذف.
ORIGINAL,KEEP,bara-al-salafa,برا السالفة,animals,حيوانات,animals-8,word,ثعلب,,ORIGINAL. من المحتوى المُراجع سابقًا؛ لا توجد علة واضحة تستدعي الحذف.
ORIGINAL,KEEP,bara-al-salafa,برا السالفة,animals,حيوانات,animals-9,word,أرنب,,ORIGINAL. من المحتوى المُراجع سابقًا؛ لا توجد علة واضحة تستدعي الحذف.
ORIGINAL,KEEP,bara-al-salafa,برا السالفة,animals,حيوانات,animals-10,word,جمل,,ORIGINAL. من المحتوى المُراجع سابقًا؛ لا توجد علة واضحة تستدعي الحذف.
ORIGINAL,KEEP,bara-al-salafa,برا السالفة,animals,حيوانات,animals-11,word,حصان,,ORIGINAL. من المحتوى المُراجع سابقًا؛ لا توجد علة واضحة تستدعي الحذف.
ORIGINAL,KEEP,bara-al-salafa,برا السالفة,animals,حيوانات,animals-12,word,بقرة,,ORIGINAL. من المحتوى المُراجع سابقًا؛ لا توجد علة واضحة تستدعي الحذف.
ORIGINAL,KEEP,bara-al-salafa,برا السالفة,animals,حيوانات,animals-13,word,خروف,,ORIGINAL. من المحتوى المُراجع سابقًا؛ لا توجد علة واضحة تستدعي الحذف.
ORIGINAL,KEEP,bara-al-salafa,برا السالفة,animals,حيوانات,animals-14,word,ماعز,,ORIGINAL. من المحتوى المُراجع سابقًا؛ لا توجد علة واضحة تستدعي الحذف.
ORIGINAL,KEEP,bara-al-salafa,برا السالفة,animals,حيوانات,animals-15,word,كلب,,ORIGINAL. من المحتوى المُراجع سابقًا؛ لا توجد علة واضحة تستدعي الحذف.
ORIGINAL,KEEP,bara-al-salafa,برا السالفة,animals,حيوانات,animals-16,word,قطة,,ORIGINAL. من المحتوى المُراجع سابقًا؛ لا توجد علة واضحة تستدعي الحذف.
ORIGINAL,KEEP,bara-al-salafa,برا السالفة,animals,حيوانات,animals-17,word,تمساح,,ORIGINAL. من المحتوى المُراجع سابقًا؛ لا توجد علة واضحة تستدعي الحذف.
ORIGINAL,KEEP,bara-al-salafa,برا السالفة,animals,حيوانات,animals-18,word,ثعبان,,ORIGINAL. من المحتوى المُراجع سابقًا؛ لا توجد علة واضحة تستدعي الحذف.
ORIGINAL,KEEP,bara-al-salafa,برا السالفة,animals,حيوانات,animals-19,word,بطريق,,ORIGINAL. من المحتوى المُراجع سابقًا؛ لا توجد علة واضحة تستدعي الحذف.
ORIGINAL,KEEP,bara-al-salafa,برا السالفة,animals,حيوانات,animals-20,word,دلفين,,ORIGINAL. من المحتوى المُراجع سابقًا؛ لا توجد علة واضحة تستدعي الحذف.
NEW,KEEP,bara-al-salafa,برا السالفة,animals,حيوانات,animals-kangaroo,word,كنغر,Kangaroo,NEW. عنصر قوي مبدئيًا (واضح، شائع، أو خليجي مميز). ليس توقيعًا نهائيًا — أقل ثقة من الأصل.
NEW,NEEDS_REVIEW,bara-al-salafa,برا السالفة,animals,حيوانات,animals-turtle,word,سلحفاة,Turtle,NEW. لم يُراجع بشريًا بعد. لا يُعامل كالمحتوى الأصلي المُختار حتى تمرير المالك.
NEW,NEEDS_REVIEW,bara-al-salafa,برا السالفة,animals,حيوانات,animals-octopus,word,أخطبوط,Octopus,NEW. لم يُراجع بشريًا بعد. لا يُعامل كالمحتوى الأصلي المُختار حتى تمرير المالك.
NEW,KEEP,bara-al-salafa,برا السالفة,animals,حيوانات,animals-panda,word,باندا,Panda,NEW. عنصر قوي مبدئيًا (واضح، شائع، أو خليجي مميز). ليس توقيعًا نهائيًا — أقل ثقة من الأصل.
NEW,NEEDS_REVIEW,bara-al-salafa,برا السالفة,animals,حيوانات,animals-frog,word,ضفدع,Frog,NEW. حيوان صحيح لكن أقرب للحشو من إضافة شخصية قوية للفئة.
NEW,NEEDS_REVIEW,bara-al-salafa,برا السالفة,animals,حيوانات,animals-bee,word,نحلة,Bee,NEW. حيوان صحيح لكن أقرب للحشو من إضافة شخصية قوية للفئة.
NEW,NEEDS_REVIEW,bara-al-salafa,برا السالفة,animals,حيوانات,animals-butterfly,word,فراشة,Butterfly,NEW. لم يُراجع بشريًا بعد. لا يُعامل كالمحتوى الأصلي المُختار حتى تمرير المالك.
NEW,KEEP,bara-al-salafa,برا السالفة,animals,حيوانات,animals-owl,word,بومة,Owl,NEW. عنصر قوي مبدئيًا (واضح، شائع، أو خليجي مميز). ليس توقيعًا نهائيًا — أقل ثقة من الأصل.
NEW,NEEDS_REVIEW,bara-al-salafa,برا السالفة,animals,حيوانات,animals-hedgehog,word,قنفذ,Hedgehog,NEW. لم يُراجع بشريًا بعد. لا يُعامل كالمحتوى الأصلي المُختار حتى تمرير المالك.
NEW,KEEP,bara-al-salafa,برا السالفة,animals,حيوانات,animals-peacock,word,طاووس,Peacock,NEW. عنصر قوي مبدئيًا (واضح، شائع، أو خليجي مميز). ليس توقيعًا نهائيًا — أقل ثقة من الأصل.
NEW,KEEP,bara-al-salafa,برا السالفة,animals,حيوانات,animals-koala,word,كوالا,Koala,NEW. عنصر قوي مبدئيًا (واضح، شائع، أو خليجي مميز). ليس توقيعًا نهائيًا — أقل ثقة من الأصل.
NEW,NEEDS_REVIEW,bara-al-salafa,برا السالفة,animals,حيوانات,animals-hippo,word,فرس النهر,Hippo,NEW. لم يُراجع بشريًا بعد. لا يُعامل كالمحتوى الأصلي المُختار حتى تمرير المالك.
NEW,NEEDS_REVIEW,bara-al-salafa,برا السالفة,animals,حيوانات,animals-rhino,word,وحيد القرن,Rhino,NEW. لم يُراجع بشريًا بعد. لا يُعامل كالمحتوى الأصلي المُختار حتى تمرير المالك.
NEW,NEEDS_REVIEW,bara-al-salafa,برا السالفة,animals,حيوانات,animals-bat,word,خفاش,Bat,NEW. لم يُراجع بشريًا بعد. لا يُعامل كالمحتوى الأصلي المُختار حتى تمرير المالك.
NEW,KEEP,bara-al-salafa,برا السالفة,animals,حيوانات,animals-falcon,word,صقر,Falcon,NEW. عنصر قوي مبدئيًا (واضح، شائع، أو خليجي مميز). ليس توقيعًا نهائيًا — أقل ثقة من الأصل.
NEW,NEEDS_REVIEW,bara-al-salafa,برا السالفة,animals,حيوانات,animals-hamster,word,هامستر,Hamster,NEW. حيوان صحيح لكن أقرب للحشو من إضافة شخصية قوية للفئة.
NEW,NEAR_DUPLICATE,bara-al-salafa,برا السالفة,animals,حيوانات,animals-whale,word,حوت,Whale,NEW. حوت بجانب دلفين الأصلي — ثديي بحري ضخم إضافي.
NEW,NEEDS_REVIEW,bara-al-salafa,برا السالفة,animals,حيوانات,animals-parrot,word,ببغاء,Parrot,NEW. لم يُراجع بشريًا بعد. لا يُعامل كالمحتوى الأصلي المُختار حتى تمرير المالك.
NEW,NEEDS_REVIEW,bara-al-salafa,برا السالفة,animals,حيوانات,animals-gazelle,word,غزال,Gazelle,NEW. لم يُراجع بشريًا بعد. لا يُعامل كالمحتوى الأصلي المُختار حتى تمرير المالك.
NEW,NEAR_DUPLICATE,bara-al-salafa,برا السالفة,animals,حيوانات,animals-cheetah,word,فهد,Cheetah,NEW. فهد بجانب أسد/نمر الأصليين.
ORIGINAL,KEEP,bara-al-salafa,برا السالفة,food,أكلات,food-1,word,بيتزا,,ORIGINAL. من المحتوى المُراجع سابقًا؛ لا توجد علة واضحة تستدعي الحذف.
ORIGINAL,KEEP,bara-al-salafa,برا السالفة,food,أكلات,food-2,word,برغر,,ORIGINAL. من المحتوى المُراجع سابقًا؛ لا توجد علة واضحة تستدعي الحذف.
ORIGINAL,KEEP,bara-al-salafa,برا السالفة,food,أكلات,food-3,word,شاورما,,ORIGINAL. من المحتوى المُراجع سابقًا؛ لا توجد علة واضحة تستدعي الحذف.
ORIGINAL,KEEP,bara-al-salafa,برا السالفة,food,أكلات,food-4,word,كبسة,,ORIGINAL. من المحتوى المُراجع سابقًا؛ لا توجد علة واضحة تستدعي الحذف.
ORIGINAL,KEEP,bara-al-salafa,برا السالفة,food,أكلات,food-5,word,مندي,,ORIGINAL. من المحتوى المُراجع سابقًا؛ لا توجد علة واضحة تستدعي الحذف.
ORIGINAL,KEEP,bara-al-salafa,برا السالفة,food,أكلات,food-6,word,فلافل,,ORIGINAL. من المحتوى المُراجع سابقًا؛ لا توجد علة واضحة تستدعي الحذف.
ORIGINAL,KEEP,bara-al-salafa,برا السالفة,food,أكلات,food-7,word,حمص,,ORIGINAL. من المحتوى المُراجع سابقًا؛ لا توجد علة واضحة تستدعي الحذف.
ORIGINAL,KEEP,bara-al-salafa,برا السالفة,food,أكلات,food-8,word,كنافة,,ORIGINAL. من المحتوى المُراجع سابقًا؛ لا توجد علة واضحة تستدعي الحذف.
ORIGINAL,KEEP,bara-al-salafa,برا السالفة,food,أكلات,food-9,word,بقلاوة,,ORIGINAL. من المحتوى المُراجع سابقًا؛ لا توجد علة واضحة تستدعي الحذف.
ORIGINAL,KEEP,bara-al-salafa,برا السالفة,food,أكلات,food-10,word,سوشي,,ORIGINAL. من المحتوى المُراجع سابقًا؛ لا توجد علة واضحة تستدعي الحذف.
ORIGINAL,KEEP,bara-al-salafa,برا السالفة,food,أكلات,food-11,word,باستا,,ORIGINAL. من المحتوى المُراجع سابقًا؛ لا توجد علة واضحة تستدعي الحذف.
ORIGINAL,KEEP,bara-al-salafa,برا السالفة,food,أكلات,food-12,word,بشاميل,,ORIGINAL. من المحتوى المُراجع سابقًا؛ لا توجد علة واضحة تستدعي الحذف.
ORIGINAL,KEEP,bara-al-salafa,برا السالفة,food,أكلات,food-13,word,آيس كريم,,ORIGINAL. من المحتوى المُراجع سابقًا؛ لا توجد علة واضحة تستدعي الحذف.
ORIGINAL,KEEP,bara-al-salafa,برا السالفة,food,أكلات,food-14,word,فشار,,ORIGINAL. من المحتوى المُراجع سابقًا؛ لا توجد علة واضحة تستدعي الحذف.
ORIGINAL,KEEP,bara-al-salafa,برا السالفة,food,أكلات,food-15,word,دونات,,ORIGINAL. من المحتوى المُراجع سابقًا؛ لا توجد علة واضحة تستدعي الحذف.
ORIGINAL,KEEP,bara-al-salafa,برا السالفة,food,أكلات,food-16,word,بان كيك,,ORIGINAL. من المحتوى المُراجع سابقًا؛ لا توجد علة واضحة تستدعي الحذف.
ORIGINAL,KEEP,bara-al-salafa,برا السالفة,food,أكلات,food-17,word,وافل,,ORIGINAL. من المحتوى المُراجع سابقًا؛ لا توجد علة واضحة تستدعي الحذف.
ORIGINAL,KEEP,bara-al-salafa,برا السالفة,food,أكلات,food-18,word,كب كيك,,ORIGINAL. من المحتوى المُراجع سابقًا؛ لا توجد علة واضحة تستدعي الحذف.
ORIGINAL,KEEP,bara-al-salafa,برا السالفة,food,أكلات,food-19,word,سمبوسة,,ORIGINAL. من المحتوى المُراجع سابقًا؛ لا توجد علة واضحة تستدعي الحذف.
ORIGINAL,KEEP,bara-al-salafa,برا السالفة,food,أكلات,food-20,word,تشيز كيك,,ORIGINAL. من المحتوى المُراجع سابقًا؛ لا توجد علة واضحة تستدعي الحذف.
NEW,KEEP,bara-al-salafa,برا السالفة,food,أكلات,food-harees,word,هريس,Harees,NEW. عنصر قوي مبدئيًا (واضح، شائع، أو خليجي مميز). ليس توقيعًا نهائيًا — أقل ثقة من الأصل.
NEW,NEAR_DUPLICATE,bara-al-salafa,برا السالفة,food,أكلات,food-jareesh,word,جريش,Jareesh,NEW. جريش بجانب هريس.
NEW,NEEDS_REVIEW,bara-al-salafa,برا السالفة,food,أكلات,food-masoub,word,معصوب,Masoub,NEW. لم يُراجع بشريًا بعد. لا يُعامل كالمحتوى الأصلي المُختار حتى تمرير المالك.
NEW,KEEP,bara-al-salafa,برا السالفة,food,أكلات,food-dates,word,تمر,Dates,NEW. عنصر قوي مبدئيًا (واضح، شائع، أو خليجي مميز). ليس توقيعًا نهائيًا — أقل ثقة من الأصل.
NEW,NEEDS_REVIEW,bara-al-salafa,برا السالفة,food,أكلات,food-coffee,word,قهوة,Coffee,NEW. «قهوة» عامة جدًا بجانب شاي كرك؛ الأصل كان أطباقًا لا مشروبًا فضفاضًا.
NEW,KEEP,bara-al-salafa,برا السالفة,food,أكلات,food-mutabbaq,word,مطبق,Mutabbaq,NEW. عنصر قوي مبدئيًا (واضح، شائع، أو خليجي مميز). ليس توقيعًا نهائيًا — أقل ثقة من الأصل.
NEW,KEEP,bara-al-salafa,برا السالفة,food,أكلات,food-mansaf,word,منسف,Mansaf,NEW. عنصر قوي مبدئيًا (واضح، شائع، أو خليجي مميز). ليس توقيعًا نهائيًا — أقل ثقة من الأصل.
NEW,KEEP,bara-al-salafa,برا السالفة,food,أكلات,food-koshari,word,كشري,Koshari,NEW. عنصر قوي مبدئيًا (واضح، شائع، أو خليجي مميز). ليس توقيعًا نهائيًا — أقل ثقة من الأصل.
NEW,NEEDS_REVIEW,bara-al-salafa,برا السالفة,food,أكلات,food-molokhia,word,ملوخية,Molokhia,NEW. لم يُراجع بشريًا بعد. لا يُعامل كالمحتوى الأصلي المُختار حتى تمرير المالك.
NEW,NEEDS_REVIEW,bara-al-salafa,برا السالفة,food,أكلات,food-biryani,word,برياني,Biryani,NEW. لم يُراجع بشريًا بعد. لا يُعامل كالمحتوى الأصلي المُختار حتى تمرير المالك.
NEW,KEEP,bara-al-salafa,برا السالفة,food,أكلات,food-luqaimat,word,لقيمات,Luqaimat,NEW. عنصر قوي مبدئيًا (واضح، شائع، أو خليجي مميز). ليس توقيعًا نهائيًا — أقل ثقة من الأصل.
NEW,NEEDS_REVIEW,bara-al-salafa,برا السالفة,food,أكلات,food-basbousa,word,بسبوسة,Basbousa,NEW. لم يُراجع بشريًا بعد. لا يُعامل كالمحتوى الأصلي المُختار حتى تمرير المالك.
NEW,NEEDS_REVIEW,bara-al-salafa,برا السالفة,food,أكلات,food-areeka,word,عريكة,Areeka,NEW. لم يُراجع بشريًا بعد. لا يُعامل كالمحتوى الأصلي المُختار حتى تمرير المالك.
NEW,NEEDS_REVIEW,bara-al-salafa,برا السالفة,food,أكلات,food-chocolate,word,شوكولاتة,Chocolate,NEW. عنصر عام/فضفاض. قد يُرسم أو يُخمَّن بأي شيء، أو يكرّر مفهومًا أبسط من الأصل.
NEW,NEEDS_REVIEW,bara-al-salafa,برا السالفة,food,أكلات,food-apple,word,تفاح,Apple,NEW. حشو فواكه عامة. الأصل تجنّب تحويل الفئة إلى قائمة بقالة.
NEW,NEEDS_REVIEW,bara-al-salafa,برا السالفة,food,أكلات,food-banana,word,موز,Banana,NEW. حشو فواكه عامة. الأصل تجنّب تحويل الفئة إلى قائمة بقالة.
NEW,NEEDS_REVIEW,bara-al-salafa,برا السالفة,food,أكلات,food-orange,word,برتقال,Orange,NEW. حشو فواكه عامة. الأصل تجنّب تحويل الفئة إلى قائمة بقالة.
NEW,NEEDS_REVIEW,bara-al-salafa,برا السالفة,food,أكلات,food-mango,word,مانجو,Mango,NEW. حشو فواكه عامة. الأصل تجنّب تحويل الفئة إلى قائمة بقالة.
NEW,NEEDS_REVIEW,bara-al-salafa,برا السالفة,food,أكلات,food-watermelon,word,بطيخ,حبحب | Watermelon,NEW. حشو فواكه عامة. الأصل تجنّب تحويل الفئة إلى قائمة بقالة.
NEW,KEEP,bara-al-salafa,برا السالفة,food,أكلات,food-karak,word,شاي كرك,كرك | Karak,NEW. عنصر قوي مبدئيًا (واضح، شائع، أو خليجي مميز). ليس توقيعًا نهائيًا — أقل ثقة من الأصل.
ORIGINAL,KEEP,bara-al-salafa,برا السالفة,countries,بلدان,countries-1,word,السعودية,,ORIGINAL. من المحتوى المُراجع سابقًا؛ لا توجد علة واضحة تستدعي الحذف.
ORIGINAL,KEEP,bara-al-salafa,برا السالفة,countries,بلدان,countries-2,word,الأردن,,ORIGINAL. من المحتوى المُراجع سابقًا؛ لا توجد علة واضحة تستدعي الحذف.
ORIGINAL,KEEP,bara-al-salafa,برا السالفة,countries,بلدان,countries-3,word,مصر,,ORIGINAL. من المحتوى المُراجع سابقًا؛ لا توجد علة واضحة تستدعي الحذف.
ORIGINAL,KEEP,bara-al-salafa,برا السالفة,countries,بلدان,countries-4,word,الإمارات,,ORIGINAL. من المحتوى المُراجع سابقًا؛ لا توجد علة واضحة تستدعي الحذف.
ORIGINAL,KEEP,bara-al-salafa,برا السالفة,countries,بلدان,countries-5,word,الكويت,,ORIGINAL. من المحتوى المُراجع سابقًا؛ لا توجد علة واضحة تستدعي الحذف.
ORIGINAL,KEEP,bara-al-salafa,برا السالفة,countries,بلدان,countries-6,word,قطر,,ORIGINAL. من المحتوى المُراجع سابقًا؛ لا توجد علة واضحة تستدعي الحذف.
ORIGINAL,KEEP,bara-al-salafa,برا السالفة,countries,بلدان,countries-7,word,البحرين,,ORIGINAL. من المحتوى المُراجع سابقًا؛ لا توجد علة واضحة تستدعي الحذف.
ORIGINAL,KEEP,bara-al-salafa,برا السالفة,countries,بلدان,countries-8,word,عُمان,,ORIGINAL. من المحتوى المُراجع سابقًا؛ لا توجد علة واضحة تستدعي الحذف.
ORIGINAL,KEEP,bara-al-salafa,برا السالفة,countries,بلدان,countries-9,word,المغرب,,ORIGINAL. من المحتوى المُراجع سابقًا؛ لا توجد علة واضحة تستدعي الحذف.
ORIGINAL,KEEP,bara-al-salafa,برا السالفة,countries,بلدان,countries-10,word,تركيا,,ORIGINAL. من المحتوى المُراجع سابقًا؛ لا توجد علة واضحة تستدعي الحذف.
ORIGINAL,KEEP,bara-al-salafa,برا السالفة,countries,بلدان,countries-11,word,اليابان,,ORIGINAL. من المحتوى المُراجع سابقًا؛ لا توجد علة واضحة تستدعي الحذف.
ORIGINAL,KEEP,bara-al-salafa,برا السالفة,countries,بلدان,countries-12,word,الصين,,ORIGINAL. من المحتوى المُراجع سابقًا؛ لا توجد علة واضحة تستدعي الحذف.
ORIGINAL,KEEP,bara-al-salafa,برا السالفة,countries,بلدان,countries-13,word,الهند,,ORIGINAL. من المحتوى المُراجع سابقًا؛ لا توجد علة واضحة تستدعي الحذف.
ORIGINAL,KEEP,bara-al-salafa,برا السالفة,countries,بلدان,countries-14,word,فرنسا,,ORIGINAL. من المحتوى المُراجع سابقًا؛ لا توجد علة واضحة تستدعي الحذف.
ORIGINAL,KEEP,bara-al-salafa,برا السالفة,countries,بلدان,countries-15,word,إيطاليا,,ORIGINAL. من المحتوى المُراجع سابقًا؛ لا توجد علة واضحة تستدعي الحذف.
ORIGINAL,KEEP,bara-al-salafa,برا السالفة,countries,بلدان,countries-16,word,إسبانيا,,ORIGINAL. من المحتوى المُراجع سابقًا؛ لا توجد علة واضحة تستدعي الحذف.
ORIGINAL,KEEP,bara-al-salafa,برا السالفة,countries,بلدان,countries-17,word,ألمانيا,,ORIGINAL. من المحتوى المُراجع سابقًا؛ لا توجد علة واضحة تستدعي الحذف.
ORIGINAL,KEEP,bara-al-salafa,برا السالفة,countries,بلدان,countries-18,word,بريطانيا,,ORIGINAL. من المحتوى المُراجع سابقًا؛ لا توجد علة واضحة تستدعي الحذف.
ORIGINAL,KEEP,bara-al-salafa,برا السالفة,countries,بلدان,countries-19,word,أمريكا,,ORIGINAL. من المحتوى المُراجع سابقًا؛ لا توجد علة واضحة تستدعي الحذف.
ORIGINAL,KEEP,bara-al-salafa,برا السالفة,countries,بلدان,countries-20,word,البرازيل,,ORIGINAL. من المحتوى المُراجع سابقًا؛ لا توجد علة واضحة تستدعي الحذف.
NEW,NEEDS_REVIEW,bara-al-salafa,برا السالفة,countries,بلدان,countries-canada,word,كندا,Canada,NEW. لم يُراجع بشريًا بعد. لا يُعامل كالمحتوى الأصلي المُختار حتى تمرير المالك.
NEW,NEEDS_REVIEW,bara-al-salafa,برا السالفة,countries,بلدان,countries-australia,word,أستراليا,Australia,NEW. لم يُراجع بشريًا بعد. لا يُعامل كالمحتوى الأصلي المُختار حتى تمرير المالك.
NEW,NEEDS_REVIEW,bara-al-salafa,برا السالفة,countries,بلدان,countries-mexico,word,المكسيك,Mexico,NEW. لم يُراجع بشريًا بعد. لا يُعامل كالمحتوى الأصلي المُختار حتى تمرير المالك.
NEW,NEEDS_REVIEW,bara-al-salafa,برا السالفة,countries,بلدان,countries-greece,word,اليونان,Greece,NEW. بلد إضافي بأسلوب قائمة أطلس أكثر من موضوع سالفة/تخمين ممتع.
NEW,NEEDS_REVIEW,bara-al-salafa,برا السالفة,countries,بلدان,countries-portugal,word,البرتغال,Portugal,NEW. بلد إضافي بأسلوب قائمة أطلس أكثر من موضوع سالفة/تخمين ممتع.
NEW,NEEDS_REVIEW,bara-al-salafa,برا السالفة,countries,بلدان,countries-south-korea,word,كوريا الجنوبية,South Korea,NEW. لم يُراجع بشريًا بعد. لا يُعامل كالمحتوى الأصلي المُختار حتى تمرير المالك.
NEW,NEEDS_REVIEW,bara-al-salafa,برا السالفة,countries,بلدان,countries-singapore,word,سنغافورة,Singapore,NEW. بلد إضافي بأسلوب قائمة أطلس أكثر من موضوع سالفة/تخمين ممتع.
NEW,NEEDS_REVIEW,bara-al-salafa,برا السالفة,countries,بلدان,countries-argentina,word,الأرجنتين,Argentina,NEW. لم يُراجع بشريًا بعد. لا يُعامل كالمحتوى الأصلي المُختار حتى تمرير المالك.
NEW,KEEP,bara-al-salafa,برا السالفة,countries,بلدان,countries-iraq,word,العراق,Iraq,NEW. عنصر قوي مبدئيًا (واضح، شائع، أو خليجي مميز). ليس توقيعًا نهائيًا — أقل ثقة من الأصل.
NEW,KEEP,bara-al-salafa,برا السالفة,countries,بلدان,countries-lebanon,word,لبنان,Lebanon,NEW. عنصر قوي مبدئيًا (واضح، شائع، أو خليجي مميز). ليس توقيعًا نهائيًا — أقل ثقة من الأصل.
NEW,NEEDS_REVIEW,bara-al-salafa,برا السالفة,countries,بلدان,countries-syria,word,سوريا,Syria,NEW. لم يُراجع بشريًا بعد. لا يُعامل كالمحتوى الأصلي المُختار حتى تمرير المالك.
NEW,KEEP,bara-al-salafa,برا السالفة,countries,بلدان,countries-yemen,word,اليمن,Yemen,NEW. عنصر قوي مبدئيًا (واضح، شائع، أو خليجي مميز). ليس توقيعًا نهائيًا — أقل ثقة من الأصل.
NEW,NEEDS_REVIEW,bara-al-salafa,برا السالفة,countries,بلدان,countries-sudan,word,السودان,Sudan,NEW. لم يُراجع بشريًا بعد. لا يُعامل كالمحتوى الأصلي المُختار حتى تمرير المالك.
NEW,NEEDS_REVIEW,bara-al-salafa,برا السالفة,countries,بلدان,countries-pakistan,word,باكستان,Pakistan,NEW. بلد إضافي بأسلوب قائمة أطلس أكثر من موضوع سالفة/تخمين ممتع.
NEW,NEEDS_REVIEW,bara-al-salafa,برا السالفة,countries,بلدان,countries-russia,word,روسيا,Russia,NEW. لم يُراجع بشريًا بعد. لا يُعامل كالمحتوى الأصلي المُختار حتى تمرير المالك.
NEW,NEEDS_REVIEW,bara-al-salafa,برا السالفة,countries,بلدان,countries-tunisia,word,تونس,Tunisia,NEW. لم يُراجع بشريًا بعد. لا يُعامل كالمحتوى الأصلي المُختار حتى تمرير المالك.
NEW,NEEDS_REVIEW,bara-al-salafa,برا السالفة,countries,بلدان,countries-algeria,word,الجزائر,Algeria,NEW. لم يُراجع بشريًا بعد. لا يُعامل كالمحتوى الأصلي المُختار حتى تمرير المالك.
NEW,KEEP,bara-al-salafa,برا السالفة,countries,بلدان,countries-palestine,word,فلسطين,Palestine,NEW. عنصر قوي مبدئيًا (واضح، شائع، أو خليجي مميز). ليس توقيعًا نهائيًا — أقل ثقة من الأصل.
NEW,NEEDS_REVIEW,bara-al-salafa,برا السالفة,countries,بلدان,countries-sweden,word,السويد,Sweden,NEW. بلد إضافي بأسلوب قائمة أطلس أكثر من موضوع سالفة/تخمين ممتع.
NEW,NEEDS_REVIEW,bara-al-salafa,برا السالفة,countries,بلدان,countries-switzerland,word,سويسرا,Switzerland,NEW. بلد إضافي بأسلوب قائمة أطلس أكثر من موضوع سالفة/تخمين ممتع.
ORIGINAL,KEEP,bara-al-salafa,برا السالفة,football,كرة قدم,football-1,word,كريستيانو رونالدو,,ORIGINAL. من المحتوى المُراجع سابقًا؛ لا توجد علة واضحة تستدعي الحذف.
ORIGINAL,KEEP,bara-al-salafa,برا السالفة,football,كرة قدم,football-2,word,ليونيل ميسي,,ORIGINAL. من المحتوى المُراجع سابقًا؛ لا توجد علة واضحة تستدعي الحذف.
ORIGINAL,KEEP,bara-al-salafa,برا السالفة,football,كرة قدم,football-3,word,نيمار,,ORIGINAL. من المحتوى المُراجع سابقًا؛ لا توجد علة واضحة تستدعي الحذف.
ORIGINAL,KEEP,bara-al-salafa,برا السالفة,football,كرة قدم,football-4,word,كيليان مبابي,,ORIGINAL. من المحتوى المُراجع سابقًا؛ لا توجد علة واضحة تستدعي الحذف.
ORIGINAL,KEEP,bara-al-salafa,برا السالفة,football,كرة قدم,football-5,word,محمد صلاح,,ORIGINAL. من المحتوى المُراجع سابقًا؛ لا توجد علة واضحة تستدعي الحذف.
ORIGINAL,KEEP,bara-al-salafa,برا السالفة,football,كرة قدم,football-6,word,كريم بنزيما,,ORIGINAL. من المحتوى المُراجع سابقًا؛ لا توجد علة واضحة تستدعي الحذف.
ORIGINAL,KEEP,bara-al-salafa,برا السالفة,football,كرة قدم,football-7,word,لوكا مودريتش,,ORIGINAL. من المحتوى المُراجع سابقًا؛ لا توجد علة واضحة تستدعي الحذف.
ORIGINAL,KEEP,bara-al-salafa,برا السالفة,football,كرة قدم,football-8,word,روبرت ليفاندوفسكي,,ORIGINAL. من المحتوى المُراجع سابقًا؛ لا توجد علة واضحة تستدعي الحذف.
ORIGINAL,KEEP,bara-al-salafa,برا السالفة,football,كرة قدم,football-9,word,إيرلينغ هالاند,,ORIGINAL. من المحتوى المُراجع سابقًا؛ لا توجد علة واضحة تستدعي الحذف.
ORIGINAL,KEEP,bara-al-salafa,برا السالفة,football,كرة قدم,football-10,word,فينيسيوس جونيور,,ORIGINAL. من المحتوى المُراجع سابقًا؛ لا توجد علة واضحة تستدعي الحذف.
ORIGINAL,KEEP,bara-al-salafa,برا السالفة,football,كرة قدم,football-11,word,رونالدينيو,,ORIGINAL. من المحتوى المُراجع سابقًا؛ لا توجد علة واضحة تستدعي الحذف.
ORIGINAL,KEEP,bara-al-salafa,برا السالفة,football,كرة قدم,football-12,word,زين الدين زيدان,,ORIGINAL. من المحتوى المُراجع سابقًا؛ لا توجد علة واضحة تستدعي الحذف.
ORIGINAL,KEEP,bara-al-salafa,برا السالفة,football,كرة قدم,football-13,word,ديفيد بيكهام,,ORIGINAL. من المحتوى المُراجع سابقًا؛ لا توجد علة واضحة تستدعي الحذف.
ORIGINAL,KEEP,bara-al-salafa,برا السالفة,football,كرة قدم,football-14,word,تييري هنري,,ORIGINAL. من المحتوى المُراجع سابقًا؛ لا توجد علة واضحة تستدعي الحذف.
ORIGINAL,KEEP,bara-al-salafa,برا السالفة,football,كرة قدم,football-15,word,أندريس إنييستا,,ORIGINAL. من المحتوى المُراجع سابقًا؛ لا توجد علة واضحة تستدعي الحذف.
ORIGINAL,KEEP,bara-al-salafa,برا السالفة,football,كرة قدم,football-16,word,تشافي,,ORIGINAL. من المحتوى المُراجع سابقًا؛ لا توجد علة واضحة تستدعي الحذف.
ORIGINAL,KEEP,bara-al-salafa,برا السالفة,football,كرة قدم,football-17,word,سيرجيو راموس,,ORIGINAL. من المحتوى المُراجع سابقًا؛ لا توجد علة واضحة تستدعي الحذف.
ORIGINAL,KEEP,bara-al-salafa,برا السالفة,football,كرة قدم,football-18,word,بوفون,,ORIGINAL. من المحتوى المُراجع سابقًا؛ لا توجد علة واضحة تستدعي الحذف.
ORIGINAL,KEEP,bara-al-salafa,برا السالفة,football,كرة قدم,football-19,word,رونالدو نازاريو,,ORIGINAL. من المحتوى المُراجع سابقًا؛ لا توجد علة واضحة تستدعي الحذف.
ORIGINAL,KEEP,bara-al-salafa,برا السالفة,football,كرة قدم,football-20,word,بيليه,,ORIGINAL. من المحتوى المُراجع سابقًا؛ لا توجد علة واضحة تستدعي الحذف.
NEW,KEEP,bara-al-salafa,برا السالفة,football,كرة قدم,football-hilal,word,الهلال,Al Hilal,NEW. عنصر قوي مبدئيًا (واضح، شائع، أو خليجي مميز). ليس توقيعًا نهائيًا — أقل ثقة من الأصل.
NEW,KEEP,bara-al-salafa,برا السالفة,football,كرة قدم,football-nassr,word,النصر,Al Nassr,NEW. عنصر قوي مبدئيًا (واضح، شائع، أو خليجي مميز). ليس توقيعًا نهائيًا — أقل ثقة من الأصل.
NEW,NEEDS_REVIEW,bara-al-salafa,برا السالفة,football,كرة قدم,football-ittihad,word,الاتحاد,Al Ittihad,NEW. لم يُراجع بشريًا بعد. لا يُعامل كالمحتوى الأصلي المُختار حتى تمرير المالك.
NEW,NEEDS_REVIEW,bara-al-salafa,برا السالفة,football,كرة قدم,football-ahli,word,الأهلي,Al Ahli,NEW. الأهلي متعدد النوادي.
NEW,KEEP,bara-al-salafa,برا السالفة,football,كرة قدم,football-barcelona,word,برشلونة,Barcelona | Barca,NEW. عنصر قوي مبدئيًا (واضح، شائع، أو خليجي مميز). ليس توقيعًا نهائيًا — أقل ثقة من الأصل.
NEW,KEEP,bara-al-salafa,برا السالفة,football,كرة قدم,football-real-madrid,word,ريال مدريد,Real Madrid,NEW. عنصر قوي مبدئيًا (واضح، شائع، أو خليجي مميز). ليس توقيعًا نهائيًا — أقل ثقة من الأصل.
NEW,NEEDS_REVIEW,bara-al-salafa,برا السالفة,football,كرة قدم,football-liverpool,word,ليفربول,Liverpool,NEW. لم يُراجع بشريًا بعد. لا يُعامل كالمحتوى الأصلي المُختار حتى تمرير المالك.
NEW,NEEDS_REVIEW,bara-al-salafa,برا السالفة,football,كرة قدم,football-man-city,word,مانشستر سيتي,Manchester City,NEW. لم يُراجع بشريًا بعد. لا يُعامل كالمحتوى الأصلي المُختار حتى تمرير المالك.
NEW,NEEDS_REVIEW,bara-al-salafa,برا السالفة,football,كرة قدم,football-bayern,word,بايرن ميونخ,Bayern Munich,NEW. لم يُراجع بشريًا بعد. لا يُعامل كالمحتوى الأصلي المُختار حتى تمرير المالك.
NEW,NEEDS_REVIEW,bara-al-salafa,برا السالفة,football,كرة قدم,football-juventus,word,يوفنتوس,Juventus,NEW. لم يُراجع بشريًا بعد. لا يُعامل كالمحتوى الأصلي المُختار حتى تمرير المالك.
NEW,NEEDS_REVIEW,bara-al-salafa,برا السالفة,football,كرة قدم,football-chelsea,word,تشيلسي,Chelsea,NEW. لم يُراجع بشريًا بعد. لا يُعامل كالمحتوى الأصلي المُختار حتى تمرير المالك.
NEW,NEEDS_REVIEW,bara-al-salafa,برا السالفة,football,كرة قدم,football-arsenal,word,آرسنال,Arsenal,NEW. لم يُراجع بشريًا بعد. لا يُعامل كالمحتوى الأصلي المُختار حتى تمرير المالك.
NEW,NEEDS_REVIEW,bara-al-salafa,برا السالفة,football,كرة قدم,football-kaka,word,كاكا,Kaka,NEW. لاعب إضافي على فئة كانت أصلًا 20 لاعبًا. الأندية هي التنويع؛ الأسماء الجديدة تكرار نمط.
NEW,NEEDS_REVIEW,bara-al-salafa,برا السالفة,football,كرة قدم,football-neuer,word,نوير,Neuer,NEW. لاعب إضافي على فئة كانت أصلًا 20 لاعبًا. الأندية هي التنويع؛ الأسماء الجديدة تكرار نمط.
NEW,NEEDS_REVIEW,bara-al-salafa,برا السالفة,football,كرة قدم,football-de-bruyne,word,دي بروين,De Bruyne,NEW. لاعب إضافي على فئة كانت أصلًا 20 لاعبًا. الأندية هي التنويع؛ الأسماء الجديدة تكرار نمط.
NEW,NEEDS_REVIEW,bara-al-salafa,برا السالفة,football,كرة قدم,football-van-dijk,word,فان دايك,Van Dijk,NEW. لاعب إضافي على فئة كانت أصلًا 20 لاعبًا. الأندية هي التنويع؛ الأسماء الجديدة تكرار نمط.
NEW,NEEDS_REVIEW,bara-al-salafa,برا السالفة,football,كرة قدم,football-bellingham,word,بيلينغهام,Bellingham,NEW. لاعب إضافي على فئة كانت أصلًا 20 لاعبًا. الأندية هي التنويع؛ الأسماء الجديدة تكرار نمط.
NEW,NEEDS_REVIEW,bara-al-salafa,برا السالفة,football,كرة قدم,football-ibrahimovic,word,إبراهيموفيتش,Ibrahimovic,NEW. لاعب إضافي على فئة كانت أصلًا 20 لاعبًا. الأندية هي التنويع؛ الأسماء الجديدة تكرار نمط.
NEW,NEEDS_REVIEW,bara-al-salafa,برا السالفة,football,كرة قدم,football-maradona,word,مارادونا,Maradona,NEW. لم يُراجع بشريًا بعد. لا يُعامل كالمحتوى الأصلي المُختار حتى تمرير المالك.
NEW,NEEDS_REVIEW,bara-al-salafa,برا السالفة,football,كرة قدم,football-kante,word,كانتي,Kante,NEW. لاعب إضافي على فئة كانت أصلًا 20 لاعبًا. الأندية هي التنويع؛ الأسماء الجديدة تكرار نمط.
ORIGINAL,KEEP,bara-al-salafa,برا السالفة,series,مسلسلات,series-1,word,Breaking Bad,,ORIGINAL. من المحتوى المُراجع سابقًا؛ لا توجد علة واضحة تستدعي الحذف.
ORIGINAL,KEEP,bara-al-salafa,برا السالفة,series,مسلسلات,series-2,word,Game of Thrones,,ORIGINAL. من المحتوى المُراجع سابقًا؛ لا توجد علة واضحة تستدعي الحذف.
ORIGINAL,KEEP,bara-al-salafa,برا السالفة,series,مسلسلات,series-3,word,Prison Break,,ORIGINAL. من المحتوى المُراجع سابقًا؛ لا توجد علة واضحة تستدعي الحذف.
ORIGINAL,KEEP,bara-al-salafa,برا السالفة,series,مسلسلات,series-4,word,The Walking Dead,,ORIGINAL. من المحتوى المُراجع سابقًا؛ لا توجد علة واضحة تستدعي الحذف.
ORIGINAL,KEEP,bara-al-salafa,برا السالفة,series,مسلسلات,series-5,word,Peaky Blinders,,ORIGINAL. من المحتوى المُراجع سابقًا؛ لا توجد علة واضحة تستدعي الحذف.
ORIGINAL,KEEP,bara-al-salafa,برا السالفة,series,مسلسلات,series-6,word,Stranger Things,,ORIGINAL. من المحتوى المُراجع سابقًا؛ لا توجد علة واضحة تستدعي الحذف.
ORIGINAL,KEEP,bara-al-salafa,برا السالفة,series,مسلسلات,series-7,word,Money Heist,,ORIGINAL. من المحتوى المُراجع سابقًا؛ لا توجد علة واضحة تستدعي الحذف.
ORIGINAL,KEEP,bara-al-salafa,برا السالفة,series,مسلسلات,series-8,word,The Boys,,ORIGINAL. من المحتوى المُراجع سابقًا؛ لا توجد علة واضحة تستدعي الحذف.
ORIGINAL,KEEP,bara-al-salafa,برا السالفة,series,مسلسلات,series-9,word,Dexter,,ORIGINAL. من المحتوى المُراجع سابقًا؛ لا توجد علة واضحة تستدعي الحذف.
ORIGINAL,KEEP,bara-al-salafa,برا السالفة,series,مسلسلات,series-10,word,Sherlock,,ORIGINAL. من المحتوى المُراجع سابقًا؛ لا توجد علة واضحة تستدعي الحذف.
ORIGINAL,KEEP,bara-al-salafa,برا السالفة,series,مسلسلات,series-11,word,The Last of Us,,ORIGINAL. من المحتوى المُراجع سابقًا؛ لا توجد علة واضحة تستدعي الحذف.
ORIGINAL,KEEP,bara-al-salafa,برا السالفة,series,مسلسلات,series-12,word,Squid Game,,ORIGINAL. من المحتوى المُراجع سابقًا؛ لا توجد علة واضحة تستدعي الحذف.
ORIGINAL,KEEP,bara-al-salafa,برا السالفة,series,مسلسلات,series-13,word,Better Call Saul,,ORIGINAL. من المحتوى المُراجع سابقًا؛ لا توجد علة واضحة تستدعي الحذف.
ORIGINAL,KEEP,bara-al-salafa,برا السالفة,series,مسلسلات,series-14,word,Vikings,,ORIGINAL. من المحتوى المُراجع سابقًا؛ لا توجد علة واضحة تستدعي الحذف.
ORIGINAL,KEEP,bara-al-salafa,برا السالفة,series,مسلسلات,series-15,word,Lost,,ORIGINAL. من المحتوى المُراجع سابقًا؛ لا توجد علة واضحة تستدعي الحذف.
ORIGINAL,KEEP,bara-al-salafa,برا السالفة,series,مسلسلات,series-16,word,The Witcher,,ORIGINAL. من المحتوى المُراجع سابقًا؛ لا توجد علة واضحة تستدعي الحذف.
ORIGINAL,KEEP,bara-al-salafa,برا السالفة,series,مسلسلات,series-17,word,House of the Dragon,,ORIGINAL. من المحتوى المُراجع سابقًا؛ لا توجد علة واضحة تستدعي الحذف.
ORIGINAL,KEEP,bara-al-salafa,برا السالفة,series,مسلسلات,series-18,word,The Sopranos,,ORIGINAL. من المحتوى المُراجع سابقًا؛ لا توجد علة واضحة تستدعي الحذف.
ORIGINAL,KEEP,bara-al-salafa,برا السالفة,series,مسلسلات,series-19,word,Narcos,,ORIGINAL. من المحتوى المُراجع سابقًا؛ لا توجد علة واضحة تستدعي الحذف.
ORIGINAL,KEEP,bara-al-salafa,برا السالفة,series,مسلسلات,series-20,word,Suits,,ORIGINAL. من المحتوى المُراجع سابقًا؛ لا توجد علة واضحة تستدعي الحذف.
NEW,KEEP,bara-al-salafa,برا السالفة,series,مسلسلات,series-friends,word,Friends,فريندز,NEW. عنصر قوي مبدئيًا (واضح، شائع، أو خليجي مميز). ليس توقيعًا نهائيًا — أقل ثقة من الأصل.
NEW,NEEDS_REVIEW,bara-al-salafa,برا السالفة,series,مسلسلات,series-office,word,The Office,ذا أوفيس,NEW. لم يُراجع بشريًا بعد. لا يُعامل كالمحتوى الأصلي المُختار حتى تمرير المالك.
NEW,KEEP,bara-al-salafa,برا السالفة,series,مسلسلات,series-wednesday,word,Wednesday,وينزداي,NEW. عنصر قوي مبدئيًا (واضح، شائع، أو خليجي مميز). ليس توقيعًا نهائيًا — أقل ثقة من الأصل.
NEW,NEEDS_REVIEW,bara-al-salafa,برا السالفة,series,مسلسلات,series-dark,word,Dark,دارك,NEW. أضعف شهرة في مجموعة حفلات خليجية عامة من الكتالوج الأصلي.
NEW,NEEDS_REVIEW,bara-al-salafa,برا السالفة,series,مسلسلات,series-black-mirror,word,Black Mirror,بلاك ميرور,NEW. لم يُراجع بشريًا بعد. لا يُعامل كالمحتوى الأصلي المُختار حتى تمرير المالك.
NEW,NEEDS_REVIEW,bara-al-salafa,برا السالفة,series,مسلسلات,series-arcane,word,Arcane,أركين,NEW. أضعف شهرة في مجموعة حفلات خليجية عامة من الكتالوج الأصلي.
NEW,NEEDS_REVIEW,bara-al-salafa,برا السالفة,series,مسلسلات,series-bear,word,The Bear,ذا بير,NEW. أضعف شهرة في مجموعة حفلات خليجية عامة من الكتالوج الأصلي.
NEW,NEEDS_REVIEW,bara-al-salafa,برا السالفة,series,مسلسلات,series-succession,word,Succession,سكسيشن,NEW. أضعف شهرة في مجموعة حفلات خليجية عامة من الكتالوج الأصلي.
NEW,NEEDS_REVIEW,bara-al-salafa,برا السالفة,series,مسلسلات,series-crown,word,The Crown,ذا كراون,NEW. أضعف شهرة في مجموعة حفلات خليجية عامة من الكتالوج الأصلي.
NEW,NEEDS_REVIEW,bara-al-salafa,برا السالفة,series,مسلسلات,series-house,word,House,هاوس | House MD,NEW. أضعف شهرة في مجموعة حفلات خليجية عامة من الكتالوج الأصلي.
NEW,NEEDS_REVIEW,bara-al-salafa,برا السالفة,series,مسلسلات,series-mandalorian,word,The Mandalorian,ماندلوريان,NEW. لم يُراجع بشريًا بعد. لا يُعامل كالمحتوى الأصلي المُختار حتى تمرير المالك.
NEW,NEEDS_REVIEW,bara-al-salafa,برا السالفة,series,مسلسلات,series-himym,word,How I Met Your Mother,هاو آي مت يور مذز,NEW. لم يُراجع بشريًا بعد. لا يُعامل كالمحتوى الأصلي المُختار حتى تمرير المالك.
NEW,NEEDS_REVIEW,bara-al-salafa,برا السالفة,series,مسلسلات,series-b99,word,Brooklyn Nine-Nine,بروكلين ناين ناين,NEW. لم يُراجع بشريًا بعد. لا يُعامل كالمحتوى الأصلي المُختار حتى تمرير المالك.
NEW,NEEDS_REVIEW,bara-al-salafa,برا السالفة,series,مسلسلات,series-the-wire,word,The Wire,ذا واير,NEW. أضعف شهرة في مجموعة حفلات خليجية عامة من الكتالوج الأصلي.
NEW,NEEDS_REVIEW,bara-al-salafa,برا السالفة,series,مسلسلات,series-fargo,word,Fargo,فارغو,NEW. أضعف شهرة في مجموعة حفلات خليجية عامة من الكتالوج الأصلي.
NEW,NEEDS_REVIEW,bara-al-salafa,برا السالفة,series,مسلسلات,series-true-detective,word,True Detective,ترو ديتكتيف,NEW. أضعف شهرة في مجموعة حفلات خليجية عامة من الكتالوج الأصلي.
NEW,NEEDS_REVIEW,bara-al-salafa,برا السالفة,series,مسلسلات,series-seinfeld,word,Seinfeld,ساينفلد,NEW. لم يُراجع بشريًا بعد. لا يُعامل كالمحتوى الأصلي المُختار حتى تمرير المالك.
NEW,NEEDS_REVIEW,bara-al-salafa,برا السالفة,series,مسلسلات,series-expanse,word,The Expanse,ذا إكسبانس,NEW. أضعف شهرة في مجموعة حفلات خليجية عامة من الكتالوج الأصلي.
NEW,NEEDS_REVIEW,bara-al-salafa,برا السالفة,series,مسلسلات,series-andor,word,Andor,أندور,NEW. أضعف شهرة في مجموعة حفلات خليجية عامة من الكتالوج الأصلي.
NEW,NEEDS_REVIEW,bara-al-salafa,برا السالفة,series,مسلسلات,series-ted-lasso,word,Ted Lasso,تيد لاسو,NEW. لم يُراجع بشريًا بعد. لا يُعامل كالمحتوى الأصلي المُختار حتى تمرير المالك.
ORIGINAL,KEEP,bara-al-salafa,برا السالفة,games,ألعاب,games-1,word,Minecraft,,ORIGINAL. من المحتوى المُراجع سابقًا؛ لا توجد علة واضحة تستدعي الحذف.
ORIGINAL,KEEP,bara-al-salafa,برا السالفة,games,ألعاب,games-2,word,Fortnite,,ORIGINAL. من المحتوى المُراجع سابقًا؛ لا توجد علة واضحة تستدعي الحذف.
ORIGINAL,KEEP,bara-al-salafa,برا السالفة,games,ألعاب,games-3,word,PUBG,,ORIGINAL. من المحتوى المُراجع سابقًا؛ لا توجد علة واضحة تستدعي الحذف.
ORIGINAL,KEEP,bara-al-salafa,برا السالفة,games,ألعاب,games-4,word,GTA V,,ORIGINAL. من المحتوى المُراجع سابقًا؛ لا توجد علة واضحة تستدعي الحذف.
ORIGINAL,KEEP,bara-al-salafa,برا السالفة,games,ألعاب,games-5,word,Call of Duty,,ORIGINAL. من المحتوى المُراجع سابقًا؛ لا توجد علة واضحة تستدعي الحذف.
ORIGINAL,KEEP,bara-al-salafa,برا السالفة,games,ألعاب,games-6,word,FIFA,,ORIGINAL. من المحتوى المُراجع سابقًا؛ لا توجد علة واضحة تستدعي الحذف.
ORIGINAL,KEEP,bara-al-salafa,برا السالفة,games,ألعاب,games-7,word,Rocket League,,ORIGINAL. من المحتوى المُراجع سابقًا؛ لا توجد علة واضحة تستدعي الحذف.
ORIGINAL,KEEP,bara-al-salafa,برا السالفة,games,ألعاب,games-8,word,Valorant,,ORIGINAL. من المحتوى المُراجع سابقًا؛ لا توجد علة واضحة تستدعي الحذف.
ORIGINAL,KEEP,bara-al-salafa,برا السالفة,games,ألعاب,games-9,word,League of Legends,,ORIGINAL. من المحتوى المُراجع سابقًا؛ لا توجد علة واضحة تستدعي الحذف.
ORIGINAL,KEEP,bara-al-salafa,برا السالفة,games,ألعاب,games-10,word,Counter-Strike,,ORIGINAL. من المحتوى المُراجع سابقًا؛ لا توجد علة واضحة تستدعي الحذف.
ORIGINAL,KEEP,bara-al-salafa,برا السالفة,games,ألعاب,games-11,word,Overwatch,,ORIGINAL. من المحتوى المُراجع سابقًا؛ لا توجد علة واضحة تستدعي الحذف.
ORIGINAL,KEEP,bara-al-salafa,برا السالفة,games,ألعاب,games-12,word,Marvel Rivals,,ORIGINAL. من المحتوى المُراجع سابقًا؛ لا توجد علة واضحة تستدعي الحذف.
ORIGINAL,KEEP,bara-al-salafa,برا السالفة,games,ألعاب,games-13,word,Among Us,,ORIGINAL. من المحتوى المُراجع سابقًا؛ لا توجد علة واضحة تستدعي الحذف.
ORIGINAL,KEEP,bara-al-salafa,برا السالفة,games,ألعاب,games-14,word,The Last of Us,,ORIGINAL. من المحتوى المُراجع سابقًا؛ لا توجد علة واضحة تستدعي الحذف.
ORIGINAL,KEEP,bara-al-salafa,برا السالفة,games,ألعاب,games-15,word,Red Dead Redemption 2,,ORIGINAL. من المحتوى المُراجع سابقًا؛ لا توجد علة واضحة تستدعي الحذف.
ORIGINAL,KEEP,bara-al-salafa,برا السالفة,games,ألعاب,games-16,word,Resident Evil,,ORIGINAL. من المحتوى المُراجع سابقًا؛ لا توجد علة واضحة تستدعي الحذف.
ORIGINAL,KEEP,bara-al-salafa,برا السالفة,games,ألعاب,games-17,word,Assassin’s Creed,,ORIGINAL. من المحتوى المُراجع سابقًا؛ لا توجد علة واضحة تستدعي الحذف.
ORIGINAL,KEEP,bara-al-salafa,برا السالفة,games,ألعاب,games-18,word,God of War,,ORIGINAL. من المحتوى المُراجع سابقًا؛ لا توجد علة واضحة تستدعي الحذف.
ORIGINAL,KEEP,bara-al-salafa,برا السالفة,games,ألعاب,games-19,word,Elden Ring,,ORIGINAL. من المحتوى المُراجع سابقًا؛ لا توجد علة واضحة تستدعي الحذف.
ORIGINAL,KEEP,bara-al-salafa,برا السالفة,games,ألعاب,games-20,word,Spider-Man,,ORIGINAL. من المحتوى المُراجع سابقًا؛ لا توجد علة واضحة تستدعي الحذف.
NEW,KEEP,bara-al-salafa,برا السالفة,games,ألعاب,games-mario,word,Super Mario,Mario | ماريو,NEW. عنصر قوي مبدئيًا (واضح، شائع، أو خليجي مميز). ليس توقيعًا نهائيًا — أقل ثقة من الأصل.
NEW,KEEP,bara-al-salafa,برا السالفة,games,ألعاب,games-zelda,word,The Legend of Zelda,Zelda | زيلدا,NEW. عنصر قوي مبدئيًا (واضح، شائع، أو خليجي مميز). ليس توقيعًا نهائيًا — أقل ثقة من الأصل.
NEW,KEEP,bara-al-salafa,برا السالفة,games,ألعاب,games-pokemon,word,Pokemon,بوكيمون,NEW. عنصر قوي مبدئيًا (واضح، شائع، أو خليجي مميز). ليس توقيعًا نهائيًا — أقل ثقة من الأصل.
NEW,KEEP,bara-al-salafa,برا السالفة,games,ألعاب,games-roblox,word,Roblox,روبلوكس,NEW. عنصر قوي مبدئيًا (واضح، شائع، أو خليجي مميز). ليس توقيعًا نهائيًا — أقل ثقة من الأصل.
NEW,NEEDS_REVIEW,bara-al-salafa,برا السالفة,games,ألعاب,games-free-fire,word,Free Fire,فري فاير,NEW. لم يُراجع بشريًا بعد. لا يُعامل كالمحتوى الأصلي المُختار حتى تمرير المالك.
NEW,NEEDS_REVIEW,bara-al-salafa,برا السالفة,games,ألعاب,games-clash-clans,word,Clash of Clans,كلاش أوف كلانس,NEW. لم يُراجع بشريًا بعد. لا يُعامل كالمحتوى الأصلي المُختار حتى تمرير المالك.
NEW,NEEDS_REVIEW,bara-al-salafa,برا السالفة,games,ألعاب,games-genshin,word,Genshin Impact,جينشن,NEW. أضعف شهرة في مجموعة حفلات خليجية عامة من الكتالوج الأصلي.
NEW,NEEDS_REVIEW,bara-al-salafa,برا السالفة,games,ألعاب,games-tekken,word,Tekken,تيكن,NEW. لم يُراجع بشريًا بعد. لا يُعامل كالمحتوى الأصلي المُختار حتى تمرير المالك.
NEW,NEEDS_REVIEW,bara-al-salafa,برا السالفة,games,ألعاب,games-tetris,word,Tetris,تتريس,NEW. لم يُراجع بشريًا بعد. لا يُعامل كالمحتوى الأصلي المُختار حتى تمرير المالك.
NEW,NEEDS_REVIEW,bara-al-salafa,برا السالفة,games,ألعاب,games-pacman,word,Pac-Man,باك مان,NEW. لم يُراجع بشريًا بعد. لا يُعامل كالمحتوى الأصلي المُختار حتى تمرير المالك.
NEW,NEEDS_REVIEW,bara-al-salafa,برا السالفة,games,ألعاب,games-skyrim,word,Skyrim,سكايرم,NEW. أضعف شهرة في مجموعة حفلات خليجية عامة من الكتالوج الأصلي.
NEW,NEAR_DUPLICATE,bara-al-salafa,برا السالفة,games,ألعاب,games-efootball,word,eFootball,PES | بيس,NEW. eFootball بجانب FIFA الأصلي.
NEW,NEEDS_REVIEW,bara-al-salafa,برا السالفة,games,ألعاب,games-sims,word,The Sims,ذا سيمز,NEW. لم يُراجع بشريًا بعد. لا يُعامل كالمحتوى الأصلي المُختار حتى تمرير المالك.
NEW,NEAR_DUPLICATE,bara-al-salafa,برا السالفة,games,ألعاب,games-dark-souls,word,Dark Souls,دارك سولز,NEW. دارك سولز بجانب إلدن رينغ.
NEW,NEAR_DUPLICATE,bara-al-salafa,برا السالفة,games,ألعاب,games-clash-royale,word,Clash Royale,كلاش رويال,NEW. كلاش رويال بجانب كلاش أوف كلانس.
NEW,NEEDS_REVIEW,bara-al-salafa,برا السالفة,games,ألعاب,games-candy-crush,word,Candy Crush,كاندي كراش,NEW. لم يُراجع بشريًا بعد. لا يُعامل كالمحتوى الأصلي المُختار حتى تمرير المالك.
NEW,NEEDS_REVIEW,bara-al-salafa,برا السالفة,games,ألعاب,games-hollow-knight,word,Hollow Knight,هولو نايت,NEW. أضعف شهرة في مجموعة حفلات خليجية عامة من الكتالوج الأصلي.
NEW,NEEDS_REVIEW,bara-al-salafa,برا السالفة,games,ألعاب,games-baldurs,word,Baldur’s Gate 3,بالدرز غيت,NEW. أضعف شهرة في مجموعة حفلات خليجية عامة من الكتالوج الأصلي.
NEW,NEEDS_REVIEW,bara-al-salafa,برا السالفة,games,ألعاب,games-subway,word,Subway Surfers,سابواي سيرفرز,NEW. لم يُراجع بشريًا بعد. لا يُعامل كالمحتوى الأصلي المُختار حتى تمرير المالك.
NEW,NEEDS_REVIEW,bara-al-salafa,برا السالفة,games,ألعاب,games-dota,word,Dota 2,دوتا | Dota,NEW. أضعف شهرة في مجموعة حفلات خليجية عامة من الكتالوج الأصلي.
ORIGINAL,KEEP,draw-guess,ارسم وخمّن,animals,حيوانات,animals-1,word,أسد,,ORIGINAL. من المحتوى المُراجع سابقًا؛ لا توجد علة واضحة تستدعي الحذف.
ORIGINAL,KEEP,draw-guess,ارسم وخمّن,animals,حيوانات,animals-2,word,نمر,,ORIGINAL. من المحتوى المُراجع سابقًا؛ لا توجد علة واضحة تستدعي الحذف.
ORIGINAL,KEEP,draw-guess,ارسم وخمّن,animals,حيوانات,animals-3,word,فيل,,ORIGINAL. من المحتوى المُراجع سابقًا؛ لا توجد علة واضحة تستدعي الحذف.
ORIGINAL,KEEP,draw-guess,ارسم وخمّن,animals,حيوانات,animals-4,word,زرافة,,ORIGINAL. من المحتوى المُراجع سابقًا؛ لا توجد علة واضحة تستدعي الحذف.
ORIGINAL,KEEP,draw-guess,ارسم وخمّن,animals,حيوانات,animals-5,word,قرد,,ORIGINAL. من المحتوى المُراجع سابقًا؛ لا توجد علة واضحة تستدعي الحذف.
ORIGINAL,KEEP,draw-guess,ارسم وخمّن,animals,حيوانات,animals-6,word,دب,,ORIGINAL. من المحتوى المُراجع سابقًا؛ لا توجد علة واضحة تستدعي الحذف.
ORIGINAL,KEEP,draw-guess,ارسم وخمّن,animals,حيوانات,animals-7,word,أرنب,,ORIGINAL. من المحتوى المُراجع سابقًا؛ لا توجد علة واضحة تستدعي الحذف.
ORIGINAL,KEEP,draw-guess,ارسم وخمّن,animals,حيوانات,animals-8,word,جمل,,ORIGINAL. من المحتوى المُراجع سابقًا؛ لا توجد علة واضحة تستدعي الحذف.
ORIGINAL,KEEP,draw-guess,ارسم وخمّن,animals,حيوانات,animals-9,word,حصان,,ORIGINAL. من المحتوى المُراجع سابقًا؛ لا توجد علة واضحة تستدعي الحذف.
ORIGINAL,KEEP,draw-guess,ارسم وخمّن,animals,حيوانات,animals-10,word,قطة,,ORIGINAL. من المحتوى المُراجع سابقًا؛ لا توجد علة واضحة تستدعي الحذف.
ORIGINAL,KEEP,draw-guess,ارسم وخمّن,animals,حيوانات,animals-11,word,كلب,,ORIGINAL. من المحتوى المُراجع سابقًا؛ لا توجد علة واضحة تستدعي الحذف.
ORIGINAL,KEEP,draw-guess,ارسم وخمّن,animals,حيوانات,animals-12,word,بطريق,,ORIGINAL. من المحتوى المُراجع سابقًا؛ لا توجد علة واضحة تستدعي الحذف.
ORIGINAL,KEEP,draw-guess,ارسم وخمّن,animals,حيوانات,animals-13,word,تمساح,,ORIGINAL. من المحتوى المُراجع سابقًا؛ لا توجد علة واضحة تستدعي الحذف.
ORIGINAL,KEEP,draw-guess,ارسم وخمّن,animals,حيوانات,animals-14,word,ثعبان,,ORIGINAL. من المحتوى المُراجع سابقًا؛ لا توجد علة واضحة تستدعي الحذف.
ORIGINAL,KEEP,draw-guess,ارسم وخمّن,animals,حيوانات,animals-15,word,دلفين,,ORIGINAL. من المحتوى المُراجع سابقًا؛ لا توجد علة واضحة تستدعي الحذف.
ORIGINAL,KEEP,draw-guess,ارسم وخمّن,animals,حيوانات,animals-16,word,أخطبوط,,ORIGINAL. من المحتوى المُراجع سابقًا؛ لا توجد علة واضحة تستدعي الحذف.
ORIGINAL,KEEP,draw-guess,ارسم وخمّن,animals,حيوانات,animals-17,word,سلحفاة,,ORIGINAL. من المحتوى المُراجع سابقًا؛ لا توجد علة واضحة تستدعي الحذف.
ORIGINAL,KEEP,draw-guess,ارسم وخمّن,animals,حيوانات,animals-18,word,ضفدع,,ORIGINAL. من المحتوى المُراجع سابقًا؛ لا توجد علة واضحة تستدعي الحذف.
ORIGINAL,KEEP,draw-guess,ارسم وخمّن,animals,حيوانات,animals-19,word,نحلة,النحل,ORIGINAL. من المحتوى المُراجع سابقًا؛ لا توجد علة واضحة تستدعي الحذف.
ORIGINAL,KEEP,draw-guess,ارسم وخمّن,animals,حيوانات,animals-20,word,فراشة,,ORIGINAL. من المحتوى المُراجع سابقًا؛ لا توجد علة واضحة تستدعي الحذف.
NEW,NEEDS_REVIEW,draw-guess,ارسم وخمّن,animals,حيوانات,animals-wolf,word,ذئب,Wolf,NEW. لم يُراجع بشريًا بعد. لا يُعامل كالمحتوى الأصلي المُختار حتى تمرير المالك.
NEW,NEEDS_REVIEW,draw-guess,ارسم وخمّن,animals,حيوانات,animals-fox,word,ثعلب,Fox,NEW. لم يُراجع بشريًا بعد. لا يُعامل كالمحتوى الأصلي المُختار حتى تمرير المالك.
NEW,NEEDS_REVIEW,draw-guess,ارسم وخمّن,animals,حيوانات,animals-cow,word,بقرة,Cow,NEW. بقرة/خروف/ماعز صعب تمييزها رسمًا في نفس الفئة.
NEW,NEEDS_REVIEW,draw-guess,ارسم وخمّن,animals,حيوانات,animals-sheep,word,خروف,Sheep,NEW. خروف ضمن ثلاثية المزرعة صعبة التمييز.
NEW,NEEDS_REVIEW,draw-guess,ارسم وخمّن,animals,حيوانات,animals-goat,word,ماعز,Goat,NEW. ماعز ضمن ثلاثية المزرعة صعبة التمييز.
NEW,NEEDS_REVIEW,draw-guess,ارسم وخمّن,animals,حيوانات,animals-kangaroo,word,كنغر,Kangaroo,NEW. لم يُراجع بشريًا بعد. لا يُعامل كالمحتوى الأصلي المُختار حتى تمرير المالك.
NEW,KEEP,draw-guess,ارسم وخمّن,animals,حيوانات,animals-owl,word,بومة,Owl,NEW. عنصر قوي مبدئيًا (واضح، شائع، أو خليجي مميز). ليس توقيعًا نهائيًا — أقل ثقة من الأصل.
NEW,NEEDS_REVIEW,draw-guess,ارسم وخمّن,animals,حيوانات,animals-hedgehog,word,قنفذ,Hedgehog,NEW. لم يُراجع بشريًا بعد. لا يُعامل كالمحتوى الأصلي المُختار حتى تمرير المالك.
NEW,KEEP,draw-guess,ارسم وخمّن,animals,حيوانات,animals-peacock,word,طاووس,Peacock,NEW. عنصر قوي مبدئيًا (واضح، شائع، أو خليجي مميز). ليس توقيعًا نهائيًا — أقل ثقة من الأصل.
NEW,NEEDS_REVIEW,draw-guess,ارسم وخمّن,animals,حيوانات,animals-koala,word,كوالا,Koala,NEW. لم يُراجع بشريًا بعد. لا يُعامل كالمحتوى الأصلي المُختار حتى تمرير المالك.
NEW,NEEDS_REVIEW,draw-guess,ارسم وخمّن,animals,حيوانات,animals-bat,word,خفاش,Bat,NEW. لم يُراجع بشريًا بعد. لا يُعامل كالمحتوى الأصلي المُختار حتى تمرير المالك.
NEW,NEEDS_REVIEW,draw-guess,ارسم وخمّن,animals,حيوانات,animals-falcon,word,صقر,Falcon,NEW. لم يُراجع بشريًا بعد. لا يُعامل كالمحتوى الأصلي المُختار حتى تمرير المالك.
NEW,NEEDS_REVIEW,draw-guess,ارسم وخمّن,animals,حيوانات,animals-hamster,word,هامستر,Hamster,NEW. حيوان صحيح لكن أقرب للحشو من إضافة شخصية قوية للفئة.
NEW,NEEDS_REVIEW,draw-guess,ارسم وخمّن,animals,حيوانات,animals-gazelle,word,غزال,Gazelle,NEW. لم يُراجع بشريًا بعد. لا يُعامل كالمحتوى الأصلي المُختار حتى تمرير المالك.
NEW,NEEDS_REVIEW,draw-guess,ارسم وخمّن,animals,حيوانات,animals-cheetah,word,فهد,Cheetah,NEW. لم يُراجع بشريًا بعد. لا يُعامل كالمحتوى الأصلي المُختار حتى تمرير المالك.
NEW,NEEDS_REVIEW,draw-guess,ارسم وخمّن,animals,حيوانات,animals-parrot,word,ببغاء,Parrot,NEW. لم يُراجع بشريًا بعد. لا يُعامل كالمحتوى الأصلي المُختار حتى تمرير المالك.
NEW,NEEDS_REVIEW,draw-guess,ارسم وخمّن,animals,حيوانات,animals-rooster,word,ديك,Rooster,NEW. لم يُراجع بشريًا بعد. لا يُعامل كالمحتوى الأصلي المُختار حتى تمرير المالك.
NEW,NEEDS_REVIEW,draw-guess,ارسم وخمّن,animals,حيوانات,animals-duck,word,بط,Duck,NEW. لم يُراجع بشريًا بعد. لا يُعامل كالمحتوى الأصلي المُختار حتى تمرير المالك.
NEW,NEEDS_REVIEW,draw-guess,ارسم وخمّن,animals,حيوانات,animals-crab,word,سلطعون,Crab,NEW. لم يُراجع بشريًا بعد. لا يُعامل كالمحتوى الأصلي المُختار حتى تمرير المالك.
NEW,KEEP,draw-guess,ارسم وخمّن,animals,حيوانات,animals-seahorse,word,حصان البحر,Seahorse,NEW. عنصر قوي مبدئيًا (واضح، شائع، أو خليجي مميز). ليس توقيعًا نهائيًا — أقل ثقة من الأصل.
ORIGINAL,KEEP,draw-guess,ارسم وخمّن,food,أكلات,food-1,word,بيتزا,Pizza,ORIGINAL. من المحتوى المُراجع سابقًا؛ لا توجد علة واضحة تستدعي الحذف.
ORIGINAL,KEEP,draw-guess,ارسم وخمّن,food,أكلات,food-2,word,برغر,برجر | Burger,ORIGINAL. من المحتوى المُراجع سابقًا؛ لا توجد علة واضحة تستدعي الحذف.
ORIGINAL,KEEP,draw-guess,ارسم وخمّن,food,أكلات,food-3,word,شاورما,Shawarma,ORIGINAL. من المحتوى المُراجع سابقًا؛ لا توجد علة واضحة تستدعي الحذف.
ORIGINAL,KEEP,draw-guess,ارسم وخمّن,food,أكلات,food-4,word,كبسة,Kabsa,ORIGINAL. من المحتوى المُراجع سابقًا؛ لا توجد علة واضحة تستدعي الحذف.
ORIGINAL,KEEP,draw-guess,ارسم وخمّن,food,أكلات,food-5,word,مندي,,ORIGINAL. من المحتوى المُراجع سابقًا؛ لا توجد علة واضحة تستدعي الحذف.
ORIGINAL,KEEP,draw-guess,ارسم وخمّن,food,أكلات,food-6,word,فلافل,طعمية,ORIGINAL. من المحتوى المُراجع سابقًا؛ لا توجد علة واضحة تستدعي الحذف.
ORIGINAL,KEEP,draw-guess,ارسم وخمّن,food,أكلات,food-7,word,كنافة,,ORIGINAL. من المحتوى المُراجع سابقًا؛ لا توجد علة واضحة تستدعي الحذف.
ORIGINAL,KEEP,draw-guess,ارسم وخمّن,food,أكلات,food-8,word,سوشي,Sushi,ORIGINAL. من المحتوى المُراجع سابقًا؛ لا توجد علة واضحة تستدعي الحذف.
ORIGINAL,KEEP,draw-guess,ارسم وخمّن,food,أكلات,food-9,word,آيس كريم,مثلجات | Ice cream,ORIGINAL. من المحتوى المُراجع سابقًا؛ لا توجد علة واضحة تستدعي الحذف.
ORIGINAL,KEEP,draw-guess,ارسم وخمّن,food,أكلات,food-10,word,دونات,دونت | Donut | Doughnut,ORIGINAL. من المحتوى المُراجع سابقًا؛ لا توجد علة واضحة تستدعي الحذف.
ORIGINAL,KEEP,draw-guess,ارسم وخمّن,food,أكلات,food-11,word,بان كيك,Pancake | Pancakes,ORIGINAL. من المحتوى المُراجع سابقًا؛ لا توجد علة واضحة تستدعي الحذف.
ORIGINAL,KEEP,draw-guess,ارسم وخمّن,food,أكلات,food-12,word,وافل,Waffle | Waffles,ORIGINAL. من المحتوى المُراجع سابقًا؛ لا توجد علة واضحة تستدعي الحذف.
ORIGINAL,KEEP,draw-guess,ارسم وخمّن,food,أكلات,food-13,word,كب كيك,Cupcake | Cup cake,ORIGINAL. من المحتوى المُراجع سابقًا؛ لا توجد علة واضحة تستدعي الحذف.
ORIGINAL,KEEP,draw-guess,ارسم وخمّن,food,أكلات,food-14,word,سمبوسة,سمبوسك | Samosa,ORIGINAL. من المحتوى المُراجع سابقًا؛ لا توجد علة واضحة تستدعي الحذف.
ORIGINAL,KEEP,draw-guess,ارسم وخمّن,food,أكلات,food-15,word,تشيز كيك,Cheesecake | Cheese cake,ORIGINAL. من المحتوى المُراجع سابقًا؛ لا توجد علة واضحة تستدعي الحذف.
ORIGINAL,KEEP,draw-guess,ارسم وخمّن,food,أكلات,food-16,word,بطيخ,حبحب,ORIGINAL. من المحتوى المُراجع سابقًا؛ لا توجد علة واضحة تستدعي الحذف.
ORIGINAL,KEEP,draw-guess,ارسم وخمّن,food,أكلات,food-17,word,أناناس,Pineapple,ORIGINAL. من المحتوى المُراجع سابقًا؛ لا توجد علة واضحة تستدعي الحذف.
ORIGINAL,KEEP,draw-guess,ارسم وخمّن,food,أكلات,food-18,word,فراولة,Strawberry,ORIGINAL. من المحتوى المُراجع سابقًا؛ لا توجد علة واضحة تستدعي الحذف.
ORIGINAL,KEEP,draw-guess,ارسم وخمّن,food,أكلات,food-19,word,بيضة,,ORIGINAL. من المحتوى المُراجع سابقًا؛ لا توجد علة واضحة تستدعي الحذف.
ORIGINAL,KEEP,draw-guess,ارسم وخمّن,food,أكلات,food-20,word,فشار,بوشار | Popcorn,ORIGINAL. من المحتوى المُراجع سابقًا؛ لا توجد علة واضحة تستدعي الحذف.
NEW,KEEP,draw-guess,ارسم وخمّن,food,أكلات,food-hummus,word,حمص,Hummus,NEW. عنصر قوي مبدئيًا (واضح، شائع، أو خليجي مميز). ليس توقيعًا نهائيًا — أقل ثقة من الأصل.
NEW,NEEDS_REVIEW,draw-guess,ارسم وخمّن,food,أكلات,food-cheese,word,جبن,Cheese,NEW. لم يُراجع بشريًا بعد. لا يُعامل كالمحتوى الأصلي المُختار حتى تمرير المالك.
NEW,NEEDS_REVIEW,draw-guess,ارسم وخمّن,food,أكلات,food-baklava,word,بقلاوة,Baklava,NEW. لم يُراجع بشريًا بعد. لا يُعامل كالمحتوى الأصلي المُختار حتى تمرير المالك.
NEW,KEEP,draw-guess,ارسم وخمّن,food,أكلات,food-luqaimat,word,لقيمات,Luqaimat,NEW. عنصر قوي مبدئيًا (واضح، شائع، أو خليجي مميز). ليس توقيعًا نهائيًا — أقل ثقة من الأصل.
NEW,NEEDS_REVIEW,draw-guess,ارسم وخمّن,food,أكلات,food-dates,word,تمر,Dates,NEW. لم يُراجع بشريًا بعد. لا يُعامل كالمحتوى الأصلي المُختار حتى تمرير المالك.
NEW,NEEDS_REVIEW,draw-guess,ارسم وخمّن,food,أكلات,food-apple,word,تفاح,Apple,NEW. حشو فواكه عامة. الأصل تجنّب تحويل الفئة إلى قائمة بقالة.
NEW,NEEDS_REVIEW,draw-guess,ارسم وخمّن,food,أكلات,food-banana,word,موز,Banana,NEW. حشو فواكه عامة. الأصل تجنّب تحويل الفئة إلى قائمة بقالة.
NEW,NEEDS_REVIEW,draw-guess,ارسم وخمّن,food,أكلات,food-orange,word,برتقال,Orange,NEW. حشو فواكه عامة. الأصل تجنّب تحويل الفئة إلى قائمة بقالة.
NEW,NEEDS_REVIEW,draw-guess,ارسم وخمّن,food,أكلات,food-grapes,word,عنب,Grapes,NEW. حشو فواكه عامة. الأصل تجنّب تحويل الفئة إلى قائمة بقالة.
NEW,NEEDS_REVIEW,draw-guess,ارسم وخمّن,food,أكلات,food-lemon,word,ليمون,Lemon,NEW. حشو فواكه عامة. الأصل تجنّب تحويل الفئة إلى قائمة بقالة.
NEW,NEEDS_REVIEW,draw-guess,ارسم وخمّن,food,أكلات,food-chocolate,word,شوكولاتة,Chocolate,NEW. عنصر عام/فضفاض. قد يُرسم أو يُخمَّن بأي شيء، أو يكرّر مفهومًا أبسط من الأصل.
NEW,NEAR_DUPLICATE,draw-guess,ارسم وخمّن,food,أكلات,food-cake,word,كعكة,Cake,NEW. كعكة بجانب كب كيك الأصلي.
NEW,NEAR_DUPLICATE,draw-guess,ارسم وخمّن,food,أكلات,food-sandwich,word,ساندويتش,Sandwich,NEW. ساندويتش قريب من برغر الأصلي.
NEW,NEEDS_REVIEW,draw-guess,ارسم وخمّن,food,أكلات,food-rice,word,أرز,رز | Rice,NEW. عنصر عام/فضفاض. قد يُرسم أو يُخمَّن بأي شيء، أو يكرّر مفهومًا أبسط من الأصل.
NEW,NEEDS_REVIEW,draw-guess,ارسم وخمّن,food,أكلات,food-pasta,word,معكرونة,باستا | Pasta,NEW. عنصر عام/فضفاض. قد يُرسم أو يُخمَّن بأي شيء، أو يكرّر مفهومًا أبسط من الأصل.
NEW,NEEDS_REVIEW,draw-guess,ارسم وخمّن,food,أكلات,food-coffee,word,قهوة,Coffee,NEW. عنصر عام/فضفاض. قد يُرسم أو يُخمَّن بأي شيء، أو يكرّر مفهومًا أبسط من الأصل.
NEW,NEEDS_REVIEW,draw-guess,ارسم وخمّن,food,أكلات,food-tea,word,شاي,Tea,NEW. عنصر عام/فضفاض. قد يُرسم أو يُخمَّن بأي شيء، أو يكرّر مفهومًا أبسط من الأصل.
NEW,NEEDS_REVIEW,draw-guess,ارسم وخمّن,food,أكلات,food-mango,word,مانجو,Mango,NEW. حشو فواكه عامة. الأصل تجنّب تحويل الفئة إلى قائمة بقالة.
NEW,NEEDS_REVIEW,draw-guess,ارسم وخمّن,food,أكلات,food-eggplant,word,باذنجان,Eggplant,NEW. عنصر عام/فضفاض. قد يُرسم أو يُخمَّن بأي شيء، أو يكرّر مفهومًا أبسط من الأصل.
NEW,NEEDS_REVIEW,draw-guess,ارسم وخمّن,food,أكلات,food-corn,word,ذرة,Corn,NEW. عنصر عام/فضفاض. قد يُرسم أو يُخمَّن بأي شيء، أو يكرّر مفهومًا أبسط من الأصل.
ORIGINAL,KEEP,draw-guess,ارسم وخمّن,nature,طبيعة وفضاء وطقس,nature-1,word,بركان,,ORIGINAL. من المحتوى المُراجع سابقًا؛ لا توجد علة واضحة تستدعي الحذف.
ORIGINAL,KEEP,draw-guess,ارسم وخمّن,nature,طبيعة وفضاء وطقس,nature-2,word,شلال,,ORIGINAL. من المحتوى المُراجع سابقًا؛ لا توجد علة واضحة تستدعي الحذف.
ORIGINAL,KEEP,draw-guess,ارسم وخمّن,nature,طبيعة وفضاء وطقس,nature-3,word,قمر,,ORIGINAL. من المحتوى المُراجع سابقًا؛ لا توجد علة واضحة تستدعي الحذف.
ORIGINAL,KEEP,draw-guess,ارسم وخمّن,nature,طبيعة وفضاء وطقس,nature-4,word,شمس,,ORIGINAL. من المحتوى المُراجع سابقًا؛ لا توجد علة واضحة تستدعي الحذف.
ORIGINAL,KEEP,draw-guess,ارسم وخمّن,nature,طبيعة وفضاء وطقس,nature-5,word,نيزك,,ORIGINAL. من المحتوى المُراجع سابقًا؛ لا توجد علة واضحة تستدعي الحذف.
ORIGINAL,KEEP,draw-guess,ارسم وخمّن,nature,طبيعة وفضاء وطقس,nature-6,word,صاروخ,,ORIGINAL. من المحتوى المُراجع سابقًا؛ لا توجد علة واضحة تستدعي الحذف.
ORIGINAL,KEEP,draw-guess,ارسم وخمّن,nature,طبيعة وفضاء وطقس,nature-7,word,كوكب,,ORIGINAL. من المحتوى المُراجع سابقًا؛ لا توجد علة واضحة تستدعي الحذف.
ORIGINAL,KEEP,draw-guess,ارسم وخمّن,nature,طبيعة وفضاء وطقس,nature-8,word,نجمة,,ORIGINAL. من المحتوى المُراجع سابقًا؛ لا توجد علة واضحة تستدعي الحذف.
ORIGINAL,KEEP,draw-guess,ارسم وخمّن,nature,طبيعة وفضاء وطقس,nature-9,word,صحراء,,ORIGINAL. من المحتوى المُراجع سابقًا؛ لا توجد علة واضحة تستدعي الحذف.
ORIGINAL,KEEP,draw-guess,ارسم وخمّن,nature,طبيعة وفضاء وطقس,nature-10,word,غيمة,,ORIGINAL. من المحتوى المُراجع سابقًا؛ لا توجد علة واضحة تستدعي الحذف.
ORIGINAL,KEEP,draw-guess,ارسم وخمّن,nature,طبيعة وفضاء وطقس,nature-11,word,مطر,,ORIGINAL. من المحتوى المُراجع سابقًا؛ لا توجد علة واضحة تستدعي الحذف.
ORIGINAL,KEEP,draw-guess,ارسم وخمّن,nature,طبيعة وفضاء وطقس,nature-12,word,برق,,ORIGINAL. من المحتوى المُراجع سابقًا؛ لا توجد علة واضحة تستدعي الحذف.
ORIGINAL,KEEP,draw-guess,ارسم وخمّن,nature,طبيعة وفضاء وطقس,nature-13,word,إعصار,,ORIGINAL. من المحتوى المُراجع سابقًا؛ لا توجد علة واضحة تستدعي الحذف.
ORIGINAL,KEEP,draw-guess,ارسم وخمّن,nature,طبيعة وفضاء وطقس,nature-14,word,قوس قزح,,ORIGINAL. من المحتوى المُراجع سابقًا؛ لا توجد علة واضحة تستدعي الحذف.
ORIGINAL,KEEP,draw-guess,ارسم وخمّن,nature,طبيعة وفضاء وطقس,nature-15,word,شاطئ,,ORIGINAL. من المحتوى المُراجع سابقًا؛ لا توجد علة واضحة تستدعي الحذف.
ORIGINAL,KEEP,draw-guess,ارسم وخمّن,nature,طبيعة وفضاء وطقس,nature-16,word,كهف,,ORIGINAL. من المحتوى المُراجع سابقًا؛ لا توجد علة واضحة تستدعي الحذف.
ORIGINAL,KEEP,draw-guess,ارسم وخمّن,nature,طبيعة وفضاء وطقس,nature-17,word,جبل,,ORIGINAL. من المحتوى المُراجع سابقًا؛ لا توجد علة واضحة تستدعي الحذف.
ORIGINAL,KEEP,draw-guess,ارسم وخمّن,nature,طبيعة وفضاء وطقس,nature-18,word,نهر,,ORIGINAL. من المحتوى المُراجع سابقًا؛ لا توجد علة واضحة تستدعي الحذف.
ORIGINAL,KEEP,draw-guess,ارسم وخمّن,nature,طبيعة وفضاء وطقس,nature-19,word,جزيرة,Island,ORIGINAL. من المحتوى المُراجع سابقًا؛ لا توجد علة واضحة تستدعي الحذف.
ORIGINAL,KEEP,draw-guess,ارسم وخمّن,nature,طبيعة وفضاء وطقس,nature-20,word,ثلج,,ORIGINAL. من المحتوى المُراجع سابقًا؛ لا توجد علة واضحة تستدعي الحذف.
NEW,KEEP,draw-guess,ارسم وخمّن,nature,طبيعة وفضاء وطقس,nature-palm,word,نخلة,Palm,NEW. عنصر قوي مبدئيًا (واضح، شائع، أو خليجي مميز). ليس توقيعًا نهائيًا — أقل ثقة من الأصل.
NEW,NEEDS_REVIEW,draw-guess,ارسم وخمّن,nature,طبيعة وفضاء وطقس,nature-rose,word,وردة,Rose,NEW. لم يُراجع بشريًا بعد. لا يُعامل كالمحتوى الأصلي المُختار حتى تمرير المالك.
NEW,NEEDS_REVIEW,draw-guess,ارسم وخمّن,nature,طبيعة وفضاء وطقس,nature-tree,word,شجرة,Tree,NEW. لم يُراجع بشريًا بعد. لا يُعامل كالمحتوى الأصلي المُختار حتى تمرير المالك.
NEW,NEAR_DUPLICATE,draw-guess,ارسم وخمّن,nature,طبيعة وفضاء وطقس,nature-sea,word,بحر,Sea,NEW. بحر قريب جدًا من محيط في نفس الفئة.
NEW,NEAR_DUPLICATE,draw-guess,ارسم وخمّن,nature,طبيعة وفضاء وطقس,nature-ocean,word,محيط,Ocean,NEW. محيط قريب من بحر.
NEW,NEAR_DUPLICATE,draw-guess,ارسم وخمّن,nature,طبيعة وفضاء وطقس,nature-thunder,word,رعد,Thunder,NEW. رعد بجانب برق الأصلي — نفس المشهد غالبًا.
NEW,NEEDS_REVIEW,draw-guess,ارسم وخمّن,nature,طبيعة وفضاء وطقس,nature-fog,word,ضباب,Fog,NEW. عنصر عام/فضفاض. قد يُرسم أو يُخمَّن بأي شيء، أو يكرّر مفهومًا أبسط من الأصل.
NEW,NEEDS_REVIEW,draw-guess,ارسم وخمّن,nature,طبيعة وفضاء وطقس,nature-mars,word,المريخ,Mars,NEW. لم يُراجع بشريًا بعد. لا يُعامل كالمحتوى الأصلي المُختار حتى تمرير المالك.
NEW,KEEP,draw-guess,ارسم وخمّن,nature,طبيعة وفضاء وطقس,nature-saturn,word,زحل,Saturn,NEW. عنصر قوي مبدئيًا (واضح، شائع، أو خليجي مميز). ليس توقيعًا نهائيًا — أقل ثقة من الأصل.
NEW,NEEDS_REVIEW,draw-guess,ارسم وخمّن,nature,طبيعة وفضاء وطقس,nature-oasis,word,واحة,Oasis,NEW. لم يُراجع بشريًا بعد. لا يُعامل كالمحتوى الأصلي المُختار حتى تمرير المالك.
NEW,NEAR_DUPLICATE,draw-guess,ارسم وخمّن,nature,طبيعة وفضاء وطقس,nature-forest,word,غابة,Forest,NEW. غابة بجانب شجرة الجديدة.
NEW,NEEDS_REVIEW,draw-guess,ارسم وخمّن,nature,طبيعة وفضاء وطقس,nature-galaxy,word,مجرة,Galaxy,NEW. عنصر عام/فضفاض. قد يُرسم أو يُخمَّن بأي شيء، أو يكرّر مفهومًا أبسط من الأصل.
NEW,NEEDS_REVIEW,draw-guess,ارسم وخمّن,nature,طبيعة وفضاء وطقس,nature-earth,word,أرض,Earth,NEW. «أرض» عامة جدًا للرسم (كرة أرضية؟ تراب؟).
NEW,NEAR_DUPLICATE,draw-guess,ارسم وخمّن,nature,طبيعة وفضاء وطقس,nature-comet,word,مذنب,Comet,NEW. مذنب بجانب نيزك الأصلي — صعب تمييزه رسمًا.
NEW,NEAR_DUPLICATE,draw-guess,ارسم وخمّن,nature,طبيعة وفضاء وطقس,nature-dunes,word,كثبان,,NEW. كثبان بجانب صحراء الأصلية.
NEW,NEAR_DUPLICATE,draw-guess,ارسم وخمّن,nature,طبيعة وفضاء وطقس,nature-wave,word,موجة,Wave,NEW. موجة قريبة من بحر/شاطئ/محيط.
NEW,NEEDS_REVIEW,draw-guess,ارسم وخمّن,nature,طبيعة وفضاء وطقس,nature-iceberg,word,جبل جليدي,Iceberg,NEW. لم يُراجع بشريًا بعد. لا يُعامل كالمحتوى الأصلي المُختار حتى تمرير المالك.
NEW,KEEP,draw-guess,ارسم وخمّن,nature,طبيعة وفضاء وطقس,nature-cactus,word,صبار,Cactus,NEW. عنصر قوي مبدئيًا (واضح، شائع، أو خليجي مميز). ليس توقيعًا نهائيًا — أقل ثقة من الأصل.
NEW,NEAR_DUPLICATE,draw-guess,ارسم وخمّن,nature,طبيعة وفضاء وطقس,nature-leaf,word,ورقة شجر,,NEW. ورقة شجر قريبة من شجرة الجديدة.
NEW,NEEDS_REVIEW,draw-guess,ارسم وخمّن,nature,طبيعة وفضاء وطقس,nature-sunflower,word,دوار الشمس,Sunflower,NEW. لم يُراجع بشريًا بعد. لا يُعامل كالمحتوى الأصلي المُختار حتى تمرير المالك.
ORIGINAL,KEEP,draw-guess,ارسم وخمّن,places,أماكن ومعالم واضحة,places-1,word,مستشفى,,ORIGINAL. من المحتوى المُراجع سابقًا؛ لا توجد علة واضحة تستدعي الحذف.
ORIGINAL,KEEP,draw-guess,ارسم وخمّن,places,أماكن ومعالم واضحة,places-2,word,مطار,,ORIGINAL. من المحتوى المُراجع سابقًا؛ لا توجد علة واضحة تستدعي الحذف.
ORIGINAL,KEEP,draw-guess,ارسم وخمّن,places,أماكن ومعالم واضحة,places-3,word,مدرسة,,ORIGINAL. من المحتوى المُراجع سابقًا؛ لا توجد علة واضحة تستدعي الحذف.
ORIGINAL,KEEP,draw-guess,ارسم وخمّن,places,أماكن ومعالم واضحة,places-4,word,ملعب كرة قدم,,ORIGINAL. من المحتوى المُراجع سابقًا؛ لا توجد علة واضحة تستدعي الحذف.
ORIGINAL,KEEP,draw-guess,ارسم وخمّن,places,أماكن ومعالم واضحة,places-5,word,حديقة حيوان,,ORIGINAL. من المحتوى المُراجع سابقًا؛ لا توجد علة واضحة تستدعي الحذف.
ORIGINAL,KEEP,draw-guess,ارسم وخمّن,places,أماكن ومعالم واضحة,places-6,word,مدينة ملاهي,,ORIGINAL. من المحتوى المُراجع سابقًا؛ لا توجد علة واضحة تستدعي الحذف.
ORIGINAL,KEEP,draw-guess,ارسم وخمّن,places,أماكن ومعالم واضحة,places-7,word,قلعة,,ORIGINAL. من المحتوى المُراجع سابقًا؛ لا توجد علة واضحة تستدعي الحذف.
ORIGINAL,KEEP,draw-guess,ارسم وخمّن,places,أماكن ومعالم واضحة,places-8,word,أهرامات,,ORIGINAL. من المحتوى المُراجع سابقًا؛ لا توجد علة واضحة تستدعي الحذف.
ORIGINAL,KEEP,draw-guess,ارسم وخمّن,places,أماكن ومعالم واضحة,places-9,word,برج إيفل,,ORIGINAL. من المحتوى المُراجع سابقًا؛ لا توجد علة واضحة تستدعي الحذف.
ORIGINAL,KEEP,draw-guess,ارسم وخمّن,places,أماكن ومعالم واضحة,places-10,word,برج خليفة,,ORIGINAL. من المحتوى المُراجع سابقًا؛ لا توجد علة واضحة تستدعي الحذف.
ORIGINAL,KEEP,draw-guess,ارسم وخمّن,places,أماكن ومعالم واضحة,places-11,word,خيمة سيرك,,ORIGINAL. من المحتوى المُراجع سابقًا؛ لا توجد علة واضحة تستدعي الحذف.
ORIGINAL,KEEP,draw-guess,ارسم وخمّن,places,أماكن ومعالم واضحة,places-12,word,محطة قطار,,ORIGINAL. من المحتوى المُراجع سابقًا؛ لا توجد علة واضحة تستدعي الحذف.
ORIGINAL,KEEP,draw-guess,ارسم وخمّن,places,أماكن ومعالم واضحة,places-13,word,مطعم,,ORIGINAL. من المحتوى المُراجع سابقًا؛ لا توجد علة واضحة تستدعي الحذف.
ORIGINAL,KEEP,draw-guess,ارسم وخمّن,places,أماكن ومعالم واضحة,places-14,word,فندق,,ORIGINAL. من المحتوى المُراجع سابقًا؛ لا توجد علة واضحة تستدعي الحذف.
ORIGINAL,KEEP,draw-guess,ارسم وخمّن,places,أماكن ومعالم واضحة,places-15,word,مكتبة,,ORIGINAL. من المحتوى المُراجع سابقًا؛ لا توجد علة واضحة تستدعي الحذف.
ORIGINAL,KEEP,draw-guess,ارسم وخمّن,places,أماكن ومعالم واضحة,places-16,word,مسجد,,ORIGINAL. من المحتوى المُراجع سابقًا؛ لا توجد علة واضحة تستدعي الحذف.
ORIGINAL,KEEP,draw-guess,ارسم وخمّن,places,أماكن ومعالم واضحة,places-17,word,متحف,,ORIGINAL. من المحتوى المُراجع سابقًا؛ لا توجد علة واضحة تستدعي الحذف.
ORIGINAL,KEEP,draw-guess,ارسم وخمّن,places,أماكن ومعالم واضحة,places-18,word,جسر,,ORIGINAL. من المحتوى المُراجع سابقًا؛ لا توجد علة واضحة تستدعي الحذف.
ORIGINAL,KEEP,draw-guess,ارسم وخمّن,places,أماكن ومعالم واضحة,places-19,word,منارة,,ORIGINAL. من المحتوى المُراجع سابقًا؛ لا توجد علة واضحة تستدعي الحذف.
ORIGINAL,KEEP,draw-guess,ارسم وخمّن,places,أماكن ومعالم واضحة,places-20,word,محطة وقود,,ORIGINAL. من المحتوى المُراجع سابقًا؛ لا توجد علة واضحة تستدعي الحذف.
NEW,KEEP,draw-guess,ارسم وخمّن,places,أماكن ومعالم واضحة,places-souq,word,سوق,Souq | Market,NEW. عنصر قوي مبدئيًا (واضح، شائع، أو خليجي مميز). ليس توقيعًا نهائيًا — أقل ثقة من الأصل.
NEW,NEEDS_REVIEW,draw-guess,ارسم وخمّن,places,أماكن ومعالم واضحة,places-pool,word,مسبح,Pool,NEW. لم يُراجع بشريًا بعد. لا يُعامل كالمحتوى الأصلي المُختار حتى تمرير المالك.
NEW,NEEDS_REVIEW,draw-guess,ارسم وخمّن,places,أماكن ومعالم واضحة,places-port,word,ميناء,Port,NEW. لم يُراجع بشريًا بعد. لا يُعامل كالمحتوى الأصلي المُختار حتى تمرير المالك.
NEW,NEEDS_REVIEW,draw-guess,ارسم وخمّن,places,أماكن ومعالم واضحة,places-farm,word,مزرعة,Farm,NEW. لم يُراجع بشريًا بعد. لا يُعامل كالمحتوى الأصلي المُختار حتى تمرير المالك.
NEW,NEEDS_REVIEW,draw-guess,ارسم وخمّن,places,أماكن ومعالم واضحة,places-camp,word,مخيم,Camp,NEW. لم يُراجع بشريًا بعد. لا يُعامل كالمحتوى الأصلي المُختار حتى تمرير المالك.
NEW,NEEDS_REVIEW,draw-guess,ارسم وخمّن,places,أماكن ومعالم واضحة,places-fountain,word,نافورة,Fountain,NEW. لم يُراجع بشريًا بعد. لا يُعامل كالمحتوى الأصلي المُختار حتى تمرير المالك.
NEW,NEEDS_REVIEW,draw-guess,ارسم وخمّن,places,أماكن ومعالم واضحة,places-church,word,كنيسة,Church,NEW. لم يُراجع بشريًا بعد. لا يُعامل كالمحتوى الأصلي المُختار حتى تمرير المالك.
NEW,NEEDS_REVIEW,draw-guess,ارسم وخمّن,places,أماكن ومعالم واضحة,places-cinema,word,سينما,Cinema,NEW. عنصر عام/فضفاض. قد يُرسم أو يُخمَّن بأي شيء، أو يكرّر مفهومًا أبسط من الأصل.
NEW,NEEDS_REVIEW,draw-guess,ارسم وخمّن,places,أماكن ومعالم واضحة,places-house,word,بيت,منزل | Home,NEW. عنصر عام/فضفاض. قد يُرسم أو يُخمَّن بأي شيء، أو يكرّر مفهومًا أبسط من الأصل.
NEW,NEEDS_REVIEW,draw-guess,ارسم وخمّن,places,أماكن ومعالم واضحة,places-bank,word,بنك,Bank,NEW. عنصر عام/فضفاض. قد يُرسم أو يُخمَّن بأي شيء، أو يكرّر مفهومًا أبسط من الأصل.
NEW,NEEDS_REVIEW,draw-guess,ارسم وخمّن,places,أماكن ومعالم واضحة,places-bakery,word,مخبز,Bakery,NEW. لم يُراجع بشريًا بعد. لا يُعامل كالمحتوى الأصلي المُختار حتى تمرير المالك.
NEW,NEEDS_REVIEW,draw-guess,ارسم وخمّن,places,أماكن ومعالم واضحة,places-pharmacy,word,صيدلية,Pharmacy,NEW. لم يُراجع بشريًا بعد. لا يُعامل كالمحتوى الأصلي المُختار حتى تمرير المالك.
NEW,NEEDS_REVIEW,draw-guess,ارسم وخمّن,places,أماكن ومعالم واضحة,places-park,word,منتزه,Park,NEW. عنصر عام/فضفاض. قد يُرسم أو يُخمَّن بأي شيء، أو يكرّر مفهومًا أبسط من الأصل.
NEW,KEEP,draw-guess,ارسم وخمّن,places,أماكن ومعالم واضحة,places-liberty,word,تمثال الحرية,Statue of Liberty,NEW. عنصر قوي مبدئيًا (واضح، شائع، أو خليجي مميز). ليس توقيعًا نهائيًا — أقل ثقة من الأصل.
NEW,KEEP,draw-guess,ارسم وخمّن,places,أماكن ومعالم واضحة,places-great-wall,word,سور الصين,Great Wall,NEW. عنصر قوي مبدئيًا (واضح، شائع، أو خليجي مميز). ليس توقيعًا نهائيًا — أقل ثقة من الأصل.
NEW,NEEDS_REVIEW,draw-guess,ارسم وخمّن,places,أماكن ومعالم واضحة,places-big-ben,word,بيغ بن,Big Ben,NEW. لم يُراجع بشريًا بعد. لا يُعامل كالمحتوى الأصلي المُختار حتى تمرير المالك.
NEW,KEEP,draw-guess,ارسم وخمّن,places,أماكن ومعالم واضحة,places-colosseum,word,كولوسيوم,Colosseum,NEW. عنصر قوي مبدئيًا (واضح، شائع، أو خليجي مميز). ليس توقيعًا نهائيًا — أقل ثقة من الأصل.
NEW,KEEP,draw-guess,ارسم وخمّن,places,أماكن ومعالم واضحة,places-makkah-clock,word,ساعة مكة,,NEW. عنصر قوي مبدئيًا (واضح، شائع، أو خليجي مميز). ليس توقيعًا نهائيًا — أقل ثقة من الأصل.
NEW,NEEDS_REVIEW,draw-guess,ارسم وخمّن,places,أماكن ومعالم واضحة,places-mall,word,مول,Mall,NEW. عنصر عام/فضفاض. قد يُرسم أو يُخمَّن بأي شيء، أو يكرّر مفهومًا أبسط من الأصل.
NEW,NEAR_DUPLICATE,draw-guess,ارسم وخمّن,places,أماكن ومعالم واضحة,places-london-bridge,word,جسر لندن,London Bridge,NEW. جسر لندن بجانب جسر الأصلي.
ORIGINAL,KEEP,draw-guess,ارسم وخمّن,tech,تقنيات,tech-1,word,هاتف,,ORIGINAL. من المحتوى المُراجع سابقًا؛ لا توجد علة واضحة تستدعي الحذف.
ORIGINAL,KEEP,draw-guess,ارسم وخمّن,tech,تقنيات,tech-2,word,لابتوب,,ORIGINAL. من المحتوى المُراجع سابقًا؛ لا توجد علة واضحة تستدعي الحذف.
ORIGINAL,KEEP,draw-guess,ارسم وخمّن,tech,تقنيات,tech-3,word,كمبيوتر,,ORIGINAL. من المحتوى المُراجع سابقًا؛ لا توجد علة واضحة تستدعي الحذف.
ORIGINAL,KEEP,draw-guess,ارسم وخمّن,tech,تقنيات,tech-4,word,روبوت,,ORIGINAL. من المحتوى المُراجع سابقًا؛ لا توجد علة واضحة تستدعي الحذف.
ORIGINAL,KEEP,draw-guess,ارسم وخمّن,tech,تقنيات,tech-5,word,كاميرا,,ORIGINAL. من المحتوى المُراجع سابقًا؛ لا توجد علة واضحة تستدعي الحذف.
ORIGINAL,KEEP,draw-guess,ارسم وخمّن,tech,تقنيات,tech-6,word,سماعات,,ORIGINAL. من المحتوى المُراجع سابقًا؛ لا توجد علة واضحة تستدعي الحذف.
ORIGINAL,KEEP,draw-guess,ارسم وخمّن,tech,تقنيات,tech-7,word,لوحة مفاتيح,,ORIGINAL. من المحتوى المُراجع سابقًا؛ لا توجد علة واضحة تستدعي الحذف.
ORIGINAL,KEEP,draw-guess,ارسم وخمّن,tech,تقنيات,tech-8,word,فأرة كمبيوتر,,ORIGINAL. من المحتوى المُراجع سابقًا؛ لا توجد علة واضحة تستدعي الحذف.
ORIGINAL,KEEP,draw-guess,ارسم وخمّن,tech,تقنيات,tech-9,word,شاشة,,ORIGINAL. من المحتوى المُراجع سابقًا؛ لا توجد علة واضحة تستدعي الحذف.
ORIGINAL,KEEP,draw-guess,ارسم وخمّن,tech,تقنيات,tech-10,word,طابعة,,ORIGINAL. من المحتوى المُراجع سابقًا؛ لا توجد علة واضحة تستدعي الحذف.
ORIGINAL,KEEP,draw-guess,ارسم وخمّن,tech,تقنيات,tech-11,word,ساعة ذكية,,ORIGINAL. من المحتوى المُراجع سابقًا؛ لا توجد علة واضحة تستدعي الحذف.
ORIGINAL,KEEP,draw-guess,ارسم وخمّن,tech,تقنيات,tech-12,word,شاحن,,ORIGINAL. من المحتوى المُراجع سابقًا؛ لا توجد علة واضحة تستدعي الحذف.
ORIGINAL,KEEP,draw-guess,ارسم وخمّن,tech,تقنيات,tech-13,word,باور بانك,,ORIGINAL. من المحتوى المُراجع سابقًا؛ لا توجد علة واضحة تستدعي الحذف.
ORIGINAL,KEEP,draw-guess,ارسم وخمّن,tech,تقنيات,tech-14,word,درون,,ORIGINAL. من المحتوى المُراجع سابقًا؛ لا توجد علة واضحة تستدعي الحذف.
ORIGINAL,KEEP,draw-guess,ارسم وخمّن,tech,تقنيات,tech-15,word,بلايستيشن,,ORIGINAL. من المحتوى المُراجع سابقًا؛ لا توجد علة واضحة تستدعي الحذف.
ORIGINAL,KEEP,draw-guess,ارسم وخمّن,tech,تقنيات,tech-16,word,يد تحكم,,ORIGINAL. من المحتوى المُراجع سابقًا؛ لا توجد علة واضحة تستدعي الحذف.
ORIGINAL,KEEP,draw-guess,ارسم وخمّن,tech,تقنيات,tech-17,word,نظارة واقع افتراضي,,ORIGINAL. من المحتوى المُراجع سابقًا؛ لا توجد علة واضحة تستدعي الحذف.
ORIGINAL,KEEP,draw-guess,ارسم وخمّن,tech,تقنيات,tech-18,word,ميكروفون,,ORIGINAL. من المحتوى المُراجع سابقًا؛ لا توجد علة واضحة تستدعي الحذف.
ORIGINAL,KEEP,draw-guess,ارسم وخمّن,tech,تقنيات,tech-19,word,فلاش ميموري,,ORIGINAL. من المحتوى المُراجع سابقًا؛ لا توجد علة واضحة تستدعي الحذف.
NEW,NEEDS_REVIEW,draw-guess,ارسم وخمّن,tech,تقنيات,tech-tv,word,تلفاز,TV,NEW. لم يُراجع بشريًا بعد. لا يُعامل كالمحتوى الأصلي المُختار حتى تمرير المالك.
NEW,NEEDS_REVIEW,draw-guess,ارسم وخمّن,tech,تقنيات,tech-remote,word,ريموت,Remote,NEW. لم يُراجع بشريًا بعد. لا يُعامل كالمحتوى الأصلي المُختار حتى تمرير المالك.
NEW,NEEDS_REVIEW,draw-guess,ارسم وخمّن,tech,تقنيات,tech-tablet,word,تابلت,Tablet,NEW. لم يُراجع بشريًا بعد. لا يُعامل كالمحتوى الأصلي المُختار حتى تمرير المالك.
NEW,NEEDS_REVIEW,draw-guess,ارسم وخمّن,tech,تقنيات,tech-router,word,راوتر,Router,NEW. لم يُراجع بشريًا بعد. لا يُعامل كالمحتوى الأصلي المُختار حتى تمرير المالك.
NEW,NEEDS_REVIEW,draw-guess,ارسم وخمّن,tech,تقنيات,tech-battery,word,بطارية,Battery,NEW. عنصر عام/فضفاض. قد يُرسم أو يُخمَّن بأي شيء، أو يكرّر مفهومًا أبسط من الأصل.
NEW,NEEDS_REVIEW,draw-guess,ارسم وخمّن,tech,تقنيات,tech-cable,word,كيبل,Cable,NEW. عنصر عام/فضفاض. قد يُرسم أو يُخمَّن بأي شيء، أو يكرّر مفهومًا أبسط من الأصل.
NEW,NEAR_DUPLICATE,draw-guess,ارسم وخمّن,tech,تقنيات,tech-speaker,word,سبيكر,Speaker,NEW. سبيكر قريب من سماعات الأصلية.
NEW,NEEDS_REVIEW,draw-guess,ارسم وخمّن,tech,تقنيات,tech-calculator,word,آلة حاسبة,Calculator,NEW. عنصر عام/فضفاض. قد يُرسم أو يُخمَّن بأي شيء، أو يكرّر مفهومًا أبسط من الأصل.
NEW,KEEP,draw-guess,ارسم وخمّن,tech,تقنيات,tech-xbox,word,إكس بوكس,Xbox,NEW. عنصر قوي مبدئيًا (واضح، شائع، أو خليجي مميز). ليس توقيعًا نهائيًا — أقل ثقة من الأصل.
NEW,FIX,draw-guess,ارسم وخمّن,tech,تقنيات,tech-switch,word,نينتندو,Nintendo,NEW. المعرّف switch لكن النص «نينتندو» (العلامة لا الجهاز). للرسم سويتش أوضح.
NEW,KEEP,draw-guess,ارسم وخمّن,tech,تقنيات,tech-wifi,word,واي فاي,WiFi,NEW. عنصر قوي مبدئيًا (واضح، شائع، أو خليجي مميز). ليس توقيعًا نهائيًا — أقل ثقة من الأصل.
NEW,NEAR_DUPLICATE,draw-guess,ارسم وخمّن,tech,تقنيات,tech-webcam,word,كاميرا ويب,Webcam,NEW. كاميرا ويب قريبة من كاميرا الأصلية.
NEW,NEEDS_REVIEW,draw-guess,ارسم وخمّن,tech,تقنيات,tech-scanner,word,سكانر,Scanner,NEW. عنصر عام/فضفاض. قد يُرسم أو يُخمَّن بأي شيء، أو يكرّر مفهومًا أبسط من الأصل.
NEW,NEEDS_REVIEW,draw-guess,ارسم وخمّن,tech,تقنيات,tech-projector,word,بروجكتر,Projector,NEW. لم يُراجع بشريًا بعد. لا يُعامل كالمحتوى الأصلي المُختار حتى تمرير المالك.
NEW,NEAR_DUPLICATE,draw-guess,ارسم وخمّن,tech,تقنيات,tech-alarm,word,ساعة منبه,Alarm clock,NEW. ساعة منبه بجانب ساعة ذكية الأصلية.
NEW,NEAR_DUPLICATE,draw-guess,ارسم وخمّن,tech,تقنيات,tech-usb,word,يو اس بي,,NEW. يو اس بي قريب من فلاش ميموري الأصلي.
NEW,NEEDS_REVIEW,draw-guess,ارسم وخمّن,tech,تقنيات,tech-satellite,word,ستلايت,Satellite,NEW. لم يُراجع بشريًا بعد. لا يُعامل كالمحتوى الأصلي المُختار حتى تمرير المالك.
NEW,NEAR_DUPLICATE,draw-guess,ارسم وخمّن,tech,تقنيات,tech-antenna,word,هوائي,Antenna,NEW. هوائي قريب من ستلايت الجديد.
NEW,NEAR_DUPLICATE,draw-guess,ارسم وخمّن,tech,تقنيات,tech-hard-disk,word,هارد دسك,Hard disk,NEW. هارد دسك قريب من فلاش/يو اس بي كشكل صندوق تخزين.
NEW,NEEDS_REVIEW,draw-guess,ارسم وخمّن,tech,تقنيات,tech-sim,word,شريحة جوال,SIM,NEW. لم يُراجع بشريًا بعد. لا يُعامل كالمحتوى الأصلي المُختار حتى تمرير المالك.
NEW,NEAR_DUPLICATE,draw-guess,ارسم وخمّن,tech,تقنيات,tech-earbuds,word,إيربودز,AirPods,NEW. إيربودز قريب من سماعات الأصلية.
ORIGINAL,KEEP,imposter-draw,الإمبوستر بالرسم,animals,حيوانات,animals-1,word,أسد,,ORIGINAL. من المحتوى المُراجع سابقًا؛ لا توجد علة واضحة تستدعي الحذف.
ORIGINAL,KEEP,imposter-draw,الإمبوستر بالرسم,animals,حيوانات,animals-2,word,نمر,,ORIGINAL. من المحتوى المُراجع سابقًا؛ لا توجد علة واضحة تستدعي الحذف.
ORIGINAL,KEEP,imposter-draw,الإمبوستر بالرسم,animals,حيوانات,animals-3,word,فيل,,ORIGINAL. من المحتوى المُراجع سابقًا؛ لا توجد علة واضحة تستدعي الحذف.
ORIGINAL,KEEP,imposter-draw,الإمبوستر بالرسم,animals,حيوانات,animals-4,word,زرافة,,ORIGINAL. من المحتوى المُراجع سابقًا؛ لا توجد علة واضحة تستدعي الحذف.
ORIGINAL,KEEP,imposter-draw,الإمبوستر بالرسم,animals,حيوانات,animals-5,word,قرد,,ORIGINAL. من المحتوى المُراجع سابقًا؛ لا توجد علة واضحة تستدعي الحذف.
ORIGINAL,KEEP,imposter-draw,الإمبوستر بالرسم,animals,حيوانات,animals-6,word,دب,,ORIGINAL. من المحتوى المُراجع سابقًا؛ لا توجد علة واضحة تستدعي الحذف.
ORIGINAL,KEEP,imposter-draw,الإمبوستر بالرسم,animals,حيوانات,animals-7,word,أرنب,,ORIGINAL. من المحتوى المُراجع سابقًا؛ لا توجد علة واضحة تستدعي الحذف.
ORIGINAL,KEEP,imposter-draw,الإمبوستر بالرسم,animals,حيوانات,animals-8,word,جمل,,ORIGINAL. من المحتوى المُراجع سابقًا؛ لا توجد علة واضحة تستدعي الحذف.
ORIGINAL,KEEP,imposter-draw,الإمبوستر بالرسم,animals,حيوانات,animals-9,word,حصان,,ORIGINAL. من المحتوى المُراجع سابقًا؛ لا توجد علة واضحة تستدعي الحذف.
ORIGINAL,KEEP,imposter-draw,الإمبوستر بالرسم,animals,حيوانات,animals-10,word,قطة,,ORIGINAL. من المحتوى المُراجع سابقًا؛ لا توجد علة واضحة تستدعي الحذف.
ORIGINAL,KEEP,imposter-draw,الإمبوستر بالرسم,animals,حيوانات,animals-11,word,كلب,,ORIGINAL. من المحتوى المُراجع سابقًا؛ لا توجد علة واضحة تستدعي الحذف.
ORIGINAL,KEEP,imposter-draw,الإمبوستر بالرسم,animals,حيوانات,animals-12,word,بطريق,,ORIGINAL. من المحتوى المُراجع سابقًا؛ لا توجد علة واضحة تستدعي الحذف.
ORIGINAL,KEEP,imposter-draw,الإمبوستر بالرسم,animals,حيوانات,animals-13,word,تمساح,,ORIGINAL. من المحتوى المُراجع سابقًا؛ لا توجد علة واضحة تستدعي الحذف.
ORIGINAL,KEEP,imposter-draw,الإمبوستر بالرسم,animals,حيوانات,animals-14,word,ثعبان,,ORIGINAL. من المحتوى المُراجع سابقًا؛ لا توجد علة واضحة تستدعي الحذف.
ORIGINAL,KEEP,imposter-draw,الإمبوستر بالرسم,animals,حيوانات,animals-15,word,دلفين,,ORIGINAL. من المحتوى المُراجع سابقًا؛ لا توجد علة واضحة تستدعي الحذف.
ORIGINAL,KEEP,imposter-draw,الإمبوستر بالرسم,animals,حيوانات,animals-16,word,أخطبوط,,ORIGINAL. من المحتوى المُراجع سابقًا؛ لا توجد علة واضحة تستدعي الحذف.
ORIGINAL,KEEP,imposter-draw,الإمبوستر بالرسم,animals,حيوانات,animals-17,word,سلحفاة,,ORIGINAL. من المحتوى المُراجع سابقًا؛ لا توجد علة واضحة تستدعي الحذف.
ORIGINAL,KEEP,imposter-draw,الإمبوستر بالرسم,animals,حيوانات,animals-18,word,ضفدع,,ORIGINAL. من المحتوى المُراجع سابقًا؛ لا توجد علة واضحة تستدعي الحذف.
ORIGINAL,KEEP,imposter-draw,الإمبوستر بالرسم,animals,حيوانات,animals-19,word,نحلة,,ORIGINAL. من المحتوى المُراجع سابقًا؛ لا توجد علة واضحة تستدعي الحذف.
ORIGINAL,KEEP,imposter-draw,الإمبوستر بالرسم,animals,حيوانات,animals-20,word,فراشة,,ORIGINAL. من المحتوى المُراجع سابقًا؛ لا توجد علة واضحة تستدعي الحذف.
NEW,NEEDS_REVIEW,imposter-draw,الإمبوستر بالرسم,animals,حيوانات,animals-wolf,word,ذئب,,NEW. لم يُراجع بشريًا بعد. لا يُعامل كالمحتوى الأصلي المُختار حتى تمرير المالك.
NEW,NEEDS_REVIEW,imposter-draw,الإمبوستر بالرسم,animals,حيوانات,animals-fox,word,ثعلب,,NEW. لم يُراجع بشريًا بعد. لا يُعامل كالمحتوى الأصلي المُختار حتى تمرير المالك.
NEW,NEEDS_REVIEW,imposter-draw,الإمبوستر بالرسم,animals,حيوانات,animals-cow,word,بقرة,,NEW. ثلاثية مزرعة صعبة التمييز، وأسوأ في الإمبوستر.
NEW,NEEDS_REVIEW,imposter-draw,الإمبوستر بالرسم,animals,حيوانات,animals-sheep,word,خروف,,NEW. خروف ضمن ثلاثية المزرعة.
NEW,NEEDS_REVIEW,imposter-draw,الإمبوستر بالرسم,animals,حيوانات,animals-goat,word,ماعز,,NEW. ماعز ضمن ثلاثية المزرعة.
NEW,NEEDS_REVIEW,imposter-draw,الإمبوستر بالرسم,animals,حيوانات,animals-kangaroo,word,كنغر,,NEW. لم يُراجع بشريًا بعد. لا يُعامل كالمحتوى الأصلي المُختار حتى تمرير المالك.
NEW,KEEP,imposter-draw,الإمبوستر بالرسم,animals,حيوانات,animals-owl,word,بومة,,NEW. عنصر قوي مبدئيًا (واضح، شائع، أو خليجي مميز). ليس توقيعًا نهائيًا — أقل ثقة من الأصل.
NEW,NEEDS_REVIEW,imposter-draw,الإمبوستر بالرسم,animals,حيوانات,animals-hedgehog,word,قنفذ,,NEW. لم يُراجع بشريًا بعد. لا يُعامل كالمحتوى الأصلي المُختار حتى تمرير المالك.
NEW,KEEP,imposter-draw,الإمبوستر بالرسم,animals,حيوانات,animals-peacock,word,طاووس,,NEW. عنصر قوي مبدئيًا (واضح، شائع، أو خليجي مميز). ليس توقيعًا نهائيًا — أقل ثقة من الأصل.
NEW,NEEDS_REVIEW,imposter-draw,الإمبوستر بالرسم,animals,حيوانات,animals-koala,word,كوالا,,NEW. لم يُراجع بشريًا بعد. لا يُعامل كالمحتوى الأصلي المُختار حتى تمرير المالك.
NEW,NEEDS_REVIEW,imposter-draw,الإمبوستر بالرسم,animals,حيوانات,animals-bat,word,خفاش,,NEW. لم يُراجع بشريًا بعد. لا يُعامل كالمحتوى الأصلي المُختار حتى تمرير المالك.
NEW,NEEDS_REVIEW,imposter-draw,الإمبوستر بالرسم,animals,حيوانات,animals-falcon,word,صقر,,NEW. لم يُراجع بشريًا بعد. لا يُعامل كالمحتوى الأصلي المُختار حتى تمرير المالك.
NEW,NEEDS_REVIEW,imposter-draw,الإمبوستر بالرسم,animals,حيوانات,animals-hamster,word,هامستر,,NEW. حيوان صحيح لكن أقرب للحشو من إضافة شخصية قوية للفئة.
NEW,NEEDS_REVIEW,imposter-draw,الإمبوستر بالرسم,animals,حيوانات,animals-gazelle,word,غزال,,NEW. لم يُراجع بشريًا بعد. لا يُعامل كالمحتوى الأصلي المُختار حتى تمرير المالك.
NEW,NEEDS_REVIEW,imposter-draw,الإمبوستر بالرسم,animals,حيوانات,animals-cheetah,word,فهد,,NEW. لم يُراجع بشريًا بعد. لا يُعامل كالمحتوى الأصلي المُختار حتى تمرير المالك.
NEW,NEEDS_REVIEW,imposter-draw,الإمبوستر بالرسم,animals,حيوانات,animals-parrot,word,ببغاء,,NEW. لم يُراجع بشريًا بعد. لا يُعامل كالمحتوى الأصلي المُختار حتى تمرير المالك.
NEW,NEEDS_REVIEW,imposter-draw,الإمبوستر بالرسم,animals,حيوانات,animals-rooster,word,ديك,,NEW. لم يُراجع بشريًا بعد. لا يُعامل كالمحتوى الأصلي المُختار حتى تمرير المالك.
NEW,NEEDS_REVIEW,imposter-draw,الإمبوستر بالرسم,animals,حيوانات,animals-duck,word,بط,,NEW. لم يُراجع بشريًا بعد. لا يُعامل كالمحتوى الأصلي المُختار حتى تمرير المالك.
NEW,NEEDS_REVIEW,imposter-draw,الإمبوستر بالرسم,animals,حيوانات,animals-crab,word,سلطعون,,NEW. لم يُراجع بشريًا بعد. لا يُعامل كالمحتوى الأصلي المُختار حتى تمرير المالك.
NEW,KEEP,imposter-draw,الإمبوستر بالرسم,animals,حيوانات,animals-seahorse,word,حصان البحر,,NEW. عنصر قوي مبدئيًا (واضح، شائع، أو خليجي مميز). ليس توقيعًا نهائيًا — أقل ثقة من الأصل.
ORIGINAL,KEEP,imposter-draw,الإمبوستر بالرسم,food,أكلات,food-1,word,بيتزا,,ORIGINAL. من المحتوى المُراجع سابقًا؛ لا توجد علة واضحة تستدعي الحذف.
ORIGINAL,KEEP,imposter-draw,الإمبوستر بالرسم,food,أكلات,food-2,word,برغر,,ORIGINAL. من المحتوى المُراجع سابقًا؛ لا توجد علة واضحة تستدعي الحذف.
ORIGINAL,KEEP,imposter-draw,الإمبوستر بالرسم,food,أكلات,food-3,word,شاورما,,ORIGINAL. من المحتوى المُراجع سابقًا؛ لا توجد علة واضحة تستدعي الحذف.
ORIGINAL,KEEP,imposter-draw,الإمبوستر بالرسم,food,أكلات,food-4,word,كبسة,,ORIGINAL. من المحتوى المُراجع سابقًا؛ لا توجد علة واضحة تستدعي الحذف.
ORIGINAL,KEEP,imposter-draw,الإمبوستر بالرسم,food,أكلات,food-5,word,مندي,,ORIGINAL. من المحتوى المُراجع سابقًا؛ لا توجد علة واضحة تستدعي الحذف.
ORIGINAL,KEEP,imposter-draw,الإمبوستر بالرسم,food,أكلات,food-6,word,فلافل,,ORIGINAL. من المحتوى المُراجع سابقًا؛ لا توجد علة واضحة تستدعي الحذف.
ORIGINAL,KEEP,imposter-draw,الإمبوستر بالرسم,food,أكلات,food-7,word,كنافة,,ORIGINAL. من المحتوى المُراجع سابقًا؛ لا توجد علة واضحة تستدعي الحذف.
ORIGINAL,KEEP,imposter-draw,الإمبوستر بالرسم,food,أكلات,food-8,word,سوشي,,ORIGINAL. من المحتوى المُراجع سابقًا؛ لا توجد علة واضحة تستدعي الحذف.
ORIGINAL,KEEP,imposter-draw,الإمبوستر بالرسم,food,أكلات,food-9,word,آيس كريم,,ORIGINAL. من المحتوى المُراجع سابقًا؛ لا توجد علة واضحة تستدعي الحذف.
ORIGINAL,KEEP,imposter-draw,الإمبوستر بالرسم,food,أكلات,food-10,word,دونات,,ORIGINAL. من المحتوى المُراجع سابقًا؛ لا توجد علة واضحة تستدعي الحذف.
ORIGINAL,KEEP,imposter-draw,الإمبوستر بالرسم,food,أكلات,food-11,word,بان كيك,,ORIGINAL. من المحتوى المُراجع سابقًا؛ لا توجد علة واضحة تستدعي الحذف.
ORIGINAL,KEEP,imposter-draw,الإمبوستر بالرسم,food,أكلات,food-12,word,وافل,,ORIGINAL. من المحتوى المُراجع سابقًا؛ لا توجد علة واضحة تستدعي الحذف.
ORIGINAL,KEEP,imposter-draw,الإمبوستر بالرسم,food,أكلات,food-13,word,كب كيك,,ORIGINAL. من المحتوى المُراجع سابقًا؛ لا توجد علة واضحة تستدعي الحذف.
ORIGINAL,KEEP,imposter-draw,الإمبوستر بالرسم,food,أكلات,food-14,word,سمبوسة,,ORIGINAL. من المحتوى المُراجع سابقًا؛ لا توجد علة واضحة تستدعي الحذف.
ORIGINAL,KEEP,imposter-draw,الإمبوستر بالرسم,food,أكلات,food-15,word,تشيز كيك,,ORIGINAL. من المحتوى المُراجع سابقًا؛ لا توجد علة واضحة تستدعي الحذف.
ORIGINAL,KEEP,imposter-draw,الإمبوستر بالرسم,food,أكلات,food-16,word,بطيخ,,ORIGINAL. من المحتوى المُراجع سابقًا؛ لا توجد علة واضحة تستدعي الحذف.
ORIGINAL,KEEP,imposter-draw,الإمبوستر بالرسم,food,أكلات,food-17,word,أناناس,,ORIGINAL. من المحتوى المُراجع سابقًا؛ لا توجد علة واضحة تستدعي الحذف.
ORIGINAL,KEEP,imposter-draw,الإمبوستر بالرسم,food,أكلات,food-18,word,فراولة,,ORIGINAL. من المحتوى المُراجع سابقًا؛ لا توجد علة واضحة تستدعي الحذف.
ORIGINAL,KEEP,imposter-draw,الإمبوستر بالرسم,food,أكلات,food-19,word,بيضة,,ORIGINAL. من المحتوى المُراجع سابقًا؛ لا توجد علة واضحة تستدعي الحذف.
ORIGINAL,KEEP,imposter-draw,الإمبوستر بالرسم,food,أكلات,food-20,word,فشار,,ORIGINAL. من المحتوى المُراجع سابقًا؛ لا توجد علة واضحة تستدعي الحذف.
NEW,KEEP,imposter-draw,الإمبوستر بالرسم,food,أكلات,food-hummus,word,حمص,,NEW. عنصر قوي مبدئيًا (واضح، شائع، أو خليجي مميز). ليس توقيعًا نهائيًا — أقل ثقة من الأصل.
NEW,NEEDS_REVIEW,imposter-draw,الإمبوستر بالرسم,food,أكلات,food-cheese,word,جبن,,NEW. لم يُراجع بشريًا بعد. لا يُعامل كالمحتوى الأصلي المُختار حتى تمرير المالك.
NEW,NEEDS_REVIEW,imposter-draw,الإمبوستر بالرسم,food,أكلات,food-baklava,word,بقلاوة,,NEW. لم يُراجع بشريًا بعد. لا يُعامل كالمحتوى الأصلي المُختار حتى تمرير المالك.
NEW,KEEP,imposter-draw,الإمبوستر بالرسم,food,أكلات,food-luqaimat,word,لقيمات,,NEW. عنصر قوي مبدئيًا (واضح، شائع، أو خليجي مميز). ليس توقيعًا نهائيًا — أقل ثقة من الأصل.
NEW,NEEDS_REVIEW,imposter-draw,الإمبوستر بالرسم,food,أكلات,food-dates,word,تمر,,NEW. لم يُراجع بشريًا بعد. لا يُعامل كالمحتوى الأصلي المُختار حتى تمرير المالك.
NEW,NEEDS_REVIEW,imposter-draw,الإمبوستر بالرسم,food,أكلات,food-apple,word,تفاح,,NEW. حشو فواكه عامة. الأصل تجنّب تحويل الفئة إلى قائمة بقالة.
NEW,NEEDS_REVIEW,imposter-draw,الإمبوستر بالرسم,food,أكلات,food-banana,word,موز,,NEW. حشو فواكه عامة. الأصل تجنّب تحويل الفئة إلى قائمة بقالة.
NEW,NEEDS_REVIEW,imposter-draw,الإمبوستر بالرسم,food,أكلات,food-orange,word,برتقال,,NEW. حشو فواكه عامة. الأصل تجنّب تحويل الفئة إلى قائمة بقالة.
NEW,NEEDS_REVIEW,imposter-draw,الإمبوستر بالرسم,food,أكلات,food-grapes,word,عنب,,NEW. حشو فواكه عامة. الأصل تجنّب تحويل الفئة إلى قائمة بقالة.
NEW,NEEDS_REVIEW,imposter-draw,الإمبوستر بالرسم,food,أكلات,food-lemon,word,ليمون,,NEW. حشو فواكه عامة. الأصل تجنّب تحويل الفئة إلى قائمة بقالة.
NEW,NEEDS_REVIEW,imposter-draw,الإمبوستر بالرسم,food,أكلات,food-chocolate,word,شوكولاتة,,NEW. عنصر عام/فضفاض. قد يُرسم أو يُخمَّن بأي شيء، أو يكرّر مفهومًا أبسط من الأصل.
NEW,NEAR_DUPLICATE,imposter-draw,الإمبوستر بالرسم,food,أكلات,food-cake,word,كعكة,,NEW. كعكة بجانب كب كيك.
NEW,NEAR_DUPLICATE,imposter-draw,الإمبوستر بالرسم,food,أكلات,food-sandwich,word,ساندويتش,,NEW. ساندويتش قريب من برغر.
NEW,NEEDS_REVIEW,imposter-draw,الإمبوستر بالرسم,food,أكلات,food-rice,word,أرز,,NEW. عنصر عام/فضفاض. قد يُرسم أو يُخمَّن بأي شيء، أو يكرّر مفهومًا أبسط من الأصل.
NEW,NEEDS_REVIEW,imposter-draw,الإمبوستر بالرسم,food,أكلات,food-pasta,word,معكرونة,,NEW. عنصر عام/فضفاض. قد يُرسم أو يُخمَّن بأي شيء، أو يكرّر مفهومًا أبسط من الأصل.
NEW,NEEDS_REVIEW,imposter-draw,الإمبوستر بالرسم,food,أكلات,food-coffee,word,قهوة,,NEW. عنصر عام/فضفاض. قد يُرسم أو يُخمَّن بأي شيء، أو يكرّر مفهومًا أبسط من الأصل.
NEW,NEEDS_REVIEW,imposter-draw,الإمبوستر بالرسم,food,أكلات,food-tea,word,شاي,,NEW. عنصر عام/فضفاض. قد يُرسم أو يُخمَّن بأي شيء، أو يكرّر مفهومًا أبسط من الأصل.
NEW,NEEDS_REVIEW,imposter-draw,الإمبوستر بالرسم,food,أكلات,food-mango,word,مانجو,,NEW. حشو فواكه عامة. الأصل تجنّب تحويل الفئة إلى قائمة بقالة.
NEW,NEEDS_REVIEW,imposter-draw,الإمبوستر بالرسم,food,أكلات,food-eggplant,word,باذنجان,,NEW. عنصر عام/فضفاض. قد يُرسم أو يُخمَّن بأي شيء، أو يكرّر مفهومًا أبسط من الأصل.
NEW,NEEDS_REVIEW,imposter-draw,الإمبوستر بالرسم,food,أكلات,food-corn,word,ذرة,,NEW. عنصر عام/فضفاض. قد يُرسم أو يُخمَّن بأي شيء، أو يكرّر مفهومًا أبسط من الأصل.
ORIGINAL,KEEP,imposter-draw,الإمبوستر بالرسم,nature,طبيعة وفضاء وطقس,nature-1,word,بركان,,ORIGINAL. من المحتوى المُراجع سابقًا؛ لا توجد علة واضحة تستدعي الحذف.
ORIGINAL,KEEP,imposter-draw,الإمبوستر بالرسم,nature,طبيعة وفضاء وطقس,nature-2,word,شلال,,ORIGINAL. من المحتوى المُراجع سابقًا؛ لا توجد علة واضحة تستدعي الحذف.
ORIGINAL,KEEP,imposter-draw,الإمبوستر بالرسم,nature,طبيعة وفضاء وطقس,nature-3,word,قمر,,ORIGINAL. من المحتوى المُراجع سابقًا؛ لا توجد علة واضحة تستدعي الحذف.
ORIGINAL,KEEP,imposter-draw,الإمبوستر بالرسم,nature,طبيعة وفضاء وطقس,nature-4,word,شمس,,ORIGINAL. من المحتوى المُراجع سابقًا؛ لا توجد علة واضحة تستدعي الحذف.
ORIGINAL,KEEP,imposter-draw,الإمبوستر بالرسم,nature,طبيعة وفضاء وطقس,nature-5,word,نيزك,,ORIGINAL. من المحتوى المُراجع سابقًا؛ لا توجد علة واضحة تستدعي الحذف.
ORIGINAL,KEEP,imposter-draw,الإمبوستر بالرسم,nature,طبيعة وفضاء وطقس,nature-6,word,صاروخ,,ORIGINAL. من المحتوى المُراجع سابقًا؛ لا توجد علة واضحة تستدعي الحذف.
ORIGINAL,KEEP,imposter-draw,الإمبوستر بالرسم,nature,طبيعة وفضاء وطقس,nature-7,word,كوكب,,ORIGINAL. من المحتوى المُراجع سابقًا؛ لا توجد علة واضحة تستدعي الحذف.
ORIGINAL,KEEP,imposter-draw,الإمبوستر بالرسم,nature,طبيعة وفضاء وطقس,nature-8,word,نجمة,,ORIGINAL. من المحتوى المُراجع سابقًا؛ لا توجد علة واضحة تستدعي الحذف.
ORIGINAL,KEEP,imposter-draw,الإمبوستر بالرسم,nature,طبيعة وفضاء وطقس,nature-9,word,صحراء,,ORIGINAL. من المحتوى المُراجع سابقًا؛ لا توجد علة واضحة تستدعي الحذف.
ORIGINAL,KEEP,imposter-draw,الإمبوستر بالرسم,nature,طبيعة وفضاء وطقس,nature-10,word,غيمة,,ORIGINAL. من المحتوى المُراجع سابقًا؛ لا توجد علة واضحة تستدعي الحذف.
ORIGINAL,KEEP,imposter-draw,الإمبوستر بالرسم,nature,طبيعة وفضاء وطقس,nature-11,word,مطر,,ORIGINAL. من المحتوى المُراجع سابقًا؛ لا توجد علة واضحة تستدعي الحذف.
ORIGINAL,KEEP,imposter-draw,الإمبوستر بالرسم,nature,طبيعة وفضاء وطقس,nature-12,word,برق,,ORIGINAL. من المحتوى المُراجع سابقًا؛ لا توجد علة واضحة تستدعي الحذف.
ORIGINAL,KEEP,imposter-draw,الإمبوستر بالرسم,nature,طبيعة وفضاء وطقس,nature-13,word,إعصار,,ORIGINAL. من المحتوى المُراجع سابقًا؛ لا توجد علة واضحة تستدعي الحذف.
ORIGINAL,KEEP,imposter-draw,الإمبوستر بالرسم,nature,طبيعة وفضاء وطقس,nature-14,word,قوس قزح,,ORIGINAL. من المحتوى المُراجع سابقًا؛ لا توجد علة واضحة تستدعي الحذف.
ORIGINAL,KEEP,imposter-draw,الإمبوستر بالرسم,nature,طبيعة وفضاء وطقس,nature-15,word,شاطئ,,ORIGINAL. من المحتوى المُراجع سابقًا؛ لا توجد علة واضحة تستدعي الحذف.
ORIGINAL,KEEP,imposter-draw,الإمبوستر بالرسم,nature,طبيعة وفضاء وطقس,nature-16,word,كهف,,ORIGINAL. من المحتوى المُراجع سابقًا؛ لا توجد علة واضحة تستدعي الحذف.
ORIGINAL,KEEP,imposter-draw,الإمبوستر بالرسم,nature,طبيعة وفضاء وطقس,nature-17,word,جبل,,ORIGINAL. من المحتوى المُراجع سابقًا؛ لا توجد علة واضحة تستدعي الحذف.
ORIGINAL,KEEP,imposter-draw,الإمبوستر بالرسم,nature,طبيعة وفضاء وطقس,nature-18,word,نهر,,ORIGINAL. من المحتوى المُراجع سابقًا؛ لا توجد علة واضحة تستدعي الحذف.
ORIGINAL,KEEP,imposter-draw,الإمبوستر بالرسم,nature,طبيعة وفضاء وطقس,nature-19,word,جزيرة,,ORIGINAL. من المحتوى المُراجع سابقًا؛ لا توجد علة واضحة تستدعي الحذف.
ORIGINAL,KEEP,imposter-draw,الإمبوستر بالرسم,nature,طبيعة وفضاء وطقس,nature-20,word,ثلج,,ORIGINAL. من المحتوى المُراجع سابقًا؛ لا توجد علة واضحة تستدعي الحذف.
NEW,KEEP,imposter-draw,الإمبوستر بالرسم,nature,طبيعة وفضاء وطقس,nature-palm,word,نخلة,,NEW. عنصر قوي مبدئيًا (واضح، شائع، أو خليجي مميز). ليس توقيعًا نهائيًا — أقل ثقة من الأصل.
NEW,NEEDS_REVIEW,imposter-draw,الإمبوستر بالرسم,nature,طبيعة وفضاء وطقس,nature-rose,word,وردة,,NEW. لم يُراجع بشريًا بعد. لا يُعامل كالمحتوى الأصلي المُختار حتى تمرير المالك.
NEW,NEEDS_REVIEW,imposter-draw,الإمبوستر بالرسم,nature,طبيعة وفضاء وطقس,nature-tree,word,شجرة,,NEW. لم يُراجع بشريًا بعد. لا يُعامل كالمحتوى الأصلي المُختار حتى تمرير المالك.
NEW,NEAR_DUPLICATE,imposter-draw,الإمبوستر بالرسم,nature,طبيعة وفضاء وطقس,nature-sea,word,بحر,,NEW. نفس مشكلة بحر/محيط في ارسم وخمّن.
NEW,NEAR_DUPLICATE,imposter-draw,الإمبوستر بالرسم,nature,طبيعة وفضاء وطقس,nature-ocean,word,محيط,,NEW. محيط بجانب بحر.
NEW,NEAR_DUPLICATE,imposter-draw,الإمبوستر بالرسم,nature,طبيعة وفضاء وطقس,nature-thunder,word,رعد,,NEW. رعد بجانب برق.
NEW,NEEDS_REVIEW,imposter-draw,الإمبوستر بالرسم,nature,طبيعة وفضاء وطقس,nature-fog,word,ضباب,,NEW. عنصر عام/فضفاض. قد يُرسم أو يُخمَّن بأي شيء، أو يكرّر مفهومًا أبسط من الأصل.
NEW,NEEDS_REVIEW,imposter-draw,الإمبوستر بالرسم,nature,طبيعة وفضاء وطقس,nature-mars,word,المريخ,,NEW. لم يُراجع بشريًا بعد. لا يُعامل كالمحتوى الأصلي المُختار حتى تمرير المالك.
NEW,KEEP,imposter-draw,الإمبوستر بالرسم,nature,طبيعة وفضاء وطقس,nature-saturn,word,زحل,,NEW. عنصر قوي مبدئيًا (واضح، شائع، أو خليجي مميز). ليس توقيعًا نهائيًا — أقل ثقة من الأصل.
NEW,NEEDS_REVIEW,imposter-draw,الإمبوستر بالرسم,nature,طبيعة وفضاء وطقس,nature-oasis,word,واحة,,NEW. لم يُراجع بشريًا بعد. لا يُعامل كالمحتوى الأصلي المُختار حتى تمرير المالك.
NEW,NEAR_DUPLICATE,imposter-draw,الإمبوستر بالرسم,nature,طبيعة وفضاء وطقس,nature-forest,word,غابة,,NEW. غابة بجانب شجرة.
NEW,NEEDS_REVIEW,imposter-draw,الإمبوستر بالرسم,nature,طبيعة وفضاء وطقس,nature-galaxy,word,مجرة,,NEW. عنصر عام/فضفاض. قد يُرسم أو يُخمَّن بأي شيء، أو يكرّر مفهومًا أبسط من الأصل.
NEW,NEEDS_REVIEW,imposter-draw,الإمبوستر بالرسم,nature,طبيعة وفضاء وطقس,nature-earth,word,أرض,,NEW. «أرض» عامة للرسم/للإمبوستر.
NEW,NEAR_DUPLICATE,imposter-draw,الإمبوستر بالرسم,nature,طبيعة وفضاء وطقس,nature-comet,word,مذنب,,NEW. مذنب بجانب نيزك.
NEW,NEAR_DUPLICATE,imposter-draw,الإمبوستر بالرسم,nature,طبيعة وفضاء وطقس,nature-dunes,word,كثبان,,NEW. كثبان بجانب صحراء.
NEW,NEAR_DUPLICATE,imposter-draw,الإمبوستر بالرسم,nature,طبيعة وفضاء وطقس,nature-wave,word,موجة,,NEW. موجة قريبة من بحر/شاطئ.
NEW,NEEDS_REVIEW,imposter-draw,الإمبوستر بالرسم,nature,طبيعة وفضاء وطقس,nature-iceberg,word,جبل جليدي,,NEW. لم يُراجع بشريًا بعد. لا يُعامل كالمحتوى الأصلي المُختار حتى تمرير المالك.
NEW,KEEP,imposter-draw,الإمبوستر بالرسم,nature,طبيعة وفضاء وطقس,nature-cactus,word,صبار,,NEW. عنصر قوي مبدئيًا (واضح، شائع، أو خليجي مميز). ليس توقيعًا نهائيًا — أقل ثقة من الأصل.
NEW,NEAR_DUPLICATE,imposter-draw,الإمبوستر بالرسم,nature,طبيعة وفضاء وطقس,nature-leaf,word,ورقة شجر,,NEW. ورقة شجر بجانب شجرة.
NEW,NEEDS_REVIEW,imposter-draw,الإمبوستر بالرسم,nature,طبيعة وفضاء وطقس,nature-sunflower,word,دوار الشمس,,NEW. لم يُراجع بشريًا بعد. لا يُعامل كالمحتوى الأصلي المُختار حتى تمرير المالك.
ORIGINAL,KEEP,imposter-draw,الإمبوستر بالرسم,places,أماكن ومعالم واضحة,places-1,word,مستشفى,,ORIGINAL. من المحتوى المُراجع سابقًا؛ لا توجد علة واضحة تستدعي الحذف.
ORIGINAL,KEEP,imposter-draw,الإمبوستر بالرسم,places,أماكن ومعالم واضحة,places-2,word,مطار,,ORIGINAL. من المحتوى المُراجع سابقًا؛ لا توجد علة واضحة تستدعي الحذف.
ORIGINAL,KEEP,imposter-draw,الإمبوستر بالرسم,places,أماكن ومعالم واضحة,places-3,word,مدرسة,,ORIGINAL. من المحتوى المُراجع سابقًا؛ لا توجد علة واضحة تستدعي الحذف.
ORIGINAL,KEEP,imposter-draw,الإمبوستر بالرسم,places,أماكن ومعالم واضحة,places-4,word,ملعب كرة قدم,,ORIGINAL. من المحتوى المُراجع سابقًا؛ لا توجد علة واضحة تستدعي الحذف.
ORIGINAL,KEEP,imposter-draw,الإمبوستر بالرسم,places,أماكن ومعالم واضحة,places-5,word,حديقة حيوان,,ORIGINAL. من المحتوى المُراجع سابقًا؛ لا توجد علة واضحة تستدعي الحذف.
ORIGINAL,KEEP,imposter-draw,الإمبوستر بالرسم,places,أماكن ومعالم واضحة,places-6,word,مدينة ملاهي,,ORIGINAL. من المحتوى المُراجع سابقًا؛ لا توجد علة واضحة تستدعي الحذف.
ORIGINAL,KEEP,imposter-draw,الإمبوستر بالرسم,places,أماكن ومعالم واضحة,places-7,word,قلعة,,ORIGINAL. من المحتوى المُراجع سابقًا؛ لا توجد علة واضحة تستدعي الحذف.
ORIGINAL,KEEP,imposter-draw,الإمبوستر بالرسم,places,أماكن ومعالم واضحة,places-8,word,أهرامات,,ORIGINAL. من المحتوى المُراجع سابقًا؛ لا توجد علة واضحة تستدعي الحذف.
ORIGINAL,KEEP,imposter-draw,الإمبوستر بالرسم,places,أماكن ومعالم واضحة,places-9,word,برج إيفل,,ORIGINAL. من المحتوى المُراجع سابقًا؛ لا توجد علة واضحة تستدعي الحذف.
ORIGINAL,KEEP,imposter-draw,الإمبوستر بالرسم,places,أماكن ومعالم واضحة,places-10,word,برج خليفة,,ORIGINAL. من المحتوى المُراجع سابقًا؛ لا توجد علة واضحة تستدعي الحذف.
ORIGINAL,KEEP,imposter-draw,الإمبوستر بالرسم,places,أماكن ومعالم واضحة,places-11,word,خيمة سيرك,,ORIGINAL. من المحتوى المُراجع سابقًا؛ لا توجد علة واضحة تستدعي الحذف.
ORIGINAL,KEEP,imposter-draw,الإمبوستر بالرسم,places,أماكن ومعالم واضحة,places-12,word,محطة قطار,,ORIGINAL. من المحتوى المُراجع سابقًا؛ لا توجد علة واضحة تستدعي الحذف.
ORIGINAL,KEEP,imposter-draw,الإمبوستر بالرسم,places,أماكن ومعالم واضحة,places-13,word,مطعم,,ORIGINAL. من المحتوى المُراجع سابقًا؛ لا توجد علة واضحة تستدعي الحذف.
ORIGINAL,KEEP,imposter-draw,الإمبوستر بالرسم,places,أماكن ومعالم واضحة,places-14,word,فندق,,ORIGINAL. من المحتوى المُراجع سابقًا؛ لا توجد علة واضحة تستدعي الحذف.
ORIGINAL,KEEP,imposter-draw,الإمبوستر بالرسم,places,أماكن ومعالم واضحة,places-15,word,مكتبة,,ORIGINAL. من المحتوى المُراجع سابقًا؛ لا توجد علة واضحة تستدعي الحذف.
ORIGINAL,KEEP,imposter-draw,الإمبوستر بالرسم,places,أماكن ومعالم واضحة,places-16,word,مسجد,,ORIGINAL. من المحتوى المُراجع سابقًا؛ لا توجد علة واضحة تستدعي الحذف.
ORIGINAL,KEEP,imposter-draw,الإمبوستر بالرسم,places,أماكن ومعالم واضحة,places-17,word,متحف,,ORIGINAL. من المحتوى المُراجع سابقًا؛ لا توجد علة واضحة تستدعي الحذف.
ORIGINAL,KEEP,imposter-draw,الإمبوستر بالرسم,places,أماكن ومعالم واضحة,places-18,word,جسر,,ORIGINAL. من المحتوى المُراجع سابقًا؛ لا توجد علة واضحة تستدعي الحذف.
ORIGINAL,KEEP,imposter-draw,الإمبوستر بالرسم,places,أماكن ومعالم واضحة,places-19,word,منارة,,ORIGINAL. من المحتوى المُراجع سابقًا؛ لا توجد علة واضحة تستدعي الحذف.
ORIGINAL,KEEP,imposter-draw,الإمبوستر بالرسم,places,أماكن ومعالم واضحة,places-20,word,محطة وقود,,ORIGINAL. من المحتوى المُراجع سابقًا؛ لا توجد علة واضحة تستدعي الحذف.
NEW,KEEP,imposter-draw,الإمبوستر بالرسم,places,أماكن ومعالم واضحة,places-souq,word,سوق,,NEW. عنصر قوي مبدئيًا (واضح، شائع، أو خليجي مميز). ليس توقيعًا نهائيًا — أقل ثقة من الأصل.
NEW,NEEDS_REVIEW,imposter-draw,الإمبوستر بالرسم,places,أماكن ومعالم واضحة,places-pool,word,مسبح,,NEW. لم يُراجع بشريًا بعد. لا يُعامل كالمحتوى الأصلي المُختار حتى تمرير المالك.
NEW,NEEDS_REVIEW,imposter-draw,الإمبوستر بالرسم,places,أماكن ومعالم واضحة,places-port,word,ميناء,,NEW. لم يُراجع بشريًا بعد. لا يُعامل كالمحتوى الأصلي المُختار حتى تمرير المالك.
NEW,NEEDS_REVIEW,imposter-draw,الإمبوستر بالرسم,places,أماكن ومعالم واضحة,places-farm,word,مزرعة,,NEW. لم يُراجع بشريًا بعد. لا يُعامل كالمحتوى الأصلي المُختار حتى تمرير المالك.
NEW,NEEDS_REVIEW,imposter-draw,الإمبوستر بالرسم,places,أماكن ومعالم واضحة,places-camp,word,مخيم,,NEW. لم يُراجع بشريًا بعد. لا يُعامل كالمحتوى الأصلي المُختار حتى تمرير المالك.
NEW,NEEDS_REVIEW,imposter-draw,الإمبوستر بالرسم,places,أماكن ومعالم واضحة,places-fountain,word,نافورة,,NEW. لم يُراجع بشريًا بعد. لا يُعامل كالمحتوى الأصلي المُختار حتى تمرير المالك.
NEW,NEEDS_REVIEW,imposter-draw,الإمبوستر بالرسم,places,أماكن ومعالم واضحة,places-church,word,كنيسة,,NEW. لم يُراجع بشريًا بعد. لا يُعامل كالمحتوى الأصلي المُختار حتى تمرير المالك.
NEW,NEEDS_REVIEW,imposter-draw,الإمبوستر بالرسم,places,أماكن ومعالم واضحة,places-cinema,word,سينما,,NEW. عنصر عام/فضفاض. قد يُرسم أو يُخمَّن بأي شيء، أو يكرّر مفهومًا أبسط من الأصل.
NEW,NEEDS_REVIEW,imposter-draw,الإمبوستر بالرسم,places,أماكن ومعالم واضحة,places-house,word,بيت,,NEW. عنصر عام/فضفاض. قد يُرسم أو يُخمَّن بأي شيء، أو يكرّر مفهومًا أبسط من الأصل.
NEW,NEEDS_REVIEW,imposter-draw,الإمبوستر بالرسم,places,أماكن ومعالم واضحة,places-bank,word,بنك,,NEW. عنصر عام/فضفاض. قد يُرسم أو يُخمَّن بأي شيء، أو يكرّر مفهومًا أبسط من الأصل.
NEW,NEEDS_REVIEW,imposter-draw,الإمبوستر بالرسم,places,أماكن ومعالم واضحة,places-bakery,word,مخبز,,NEW. لم يُراجع بشريًا بعد. لا يُعامل كالمحتوى الأصلي المُختار حتى تمرير المالك.
NEW,NEEDS_REVIEW,imposter-draw,الإمبوستر بالرسم,places,أماكن ومعالم واضحة,places-pharmacy,word,صيدلية,,NEW. لم يُراجع بشريًا بعد. لا يُعامل كالمحتوى الأصلي المُختار حتى تمرير المالك.
NEW,NEEDS_REVIEW,imposter-draw,الإمبوستر بالرسم,places,أماكن ومعالم واضحة,places-park,word,منتزه,,NEW. عنصر عام/فضفاض. قد يُرسم أو يُخمَّن بأي شيء، أو يكرّر مفهومًا أبسط من الأصل.
NEW,KEEP,imposter-draw,الإمبوستر بالرسم,places,أماكن ومعالم واضحة,places-liberty,word,تمثال الحرية,,NEW. عنصر قوي مبدئيًا (واضح، شائع، أو خليجي مميز). ليس توقيعًا نهائيًا — أقل ثقة من الأصل.
NEW,KEEP,imposter-draw,الإمبوستر بالرسم,places,أماكن ومعالم واضحة,places-great-wall,word,سور الصين,,NEW. عنصر قوي مبدئيًا (واضح، شائع، أو خليجي مميز). ليس توقيعًا نهائيًا — أقل ثقة من الأصل.
NEW,NEEDS_REVIEW,imposter-draw,الإمبوستر بالرسم,places,أماكن ومعالم واضحة,places-big-ben,word,بيغ بن,,NEW. لم يُراجع بشريًا بعد. لا يُعامل كالمحتوى الأصلي المُختار حتى تمرير المالك.
NEW,KEEP,imposter-draw,الإمبوستر بالرسم,places,أماكن ومعالم واضحة,places-colosseum,word,كولوسيوم,,NEW. عنصر قوي مبدئيًا (واضح، شائع، أو خليجي مميز). ليس توقيعًا نهائيًا — أقل ثقة من الأصل.
NEW,KEEP,imposter-draw,الإمبوستر بالرسم,places,أماكن ومعالم واضحة,places-makkah-clock,word,ساعة مكة,,NEW. عنصر قوي مبدئيًا (واضح، شائع، أو خليجي مميز). ليس توقيعًا نهائيًا — أقل ثقة من الأصل.
NEW,NEEDS_REVIEW,imposter-draw,الإمبوستر بالرسم,places,أماكن ومعالم واضحة,places-mall,word,مول,,NEW. عنصر عام/فضفاض. قد يُرسم أو يُخمَّن بأي شيء، أو يكرّر مفهومًا أبسط من الأصل.
NEW,NEAR_DUPLICATE,imposter-draw,الإمبوستر بالرسم,places,أماكن ومعالم واضحة,places-london-bridge,word,جسر لندن,,NEW. جسر لندن بجانب جسر.
ORIGINAL,KEEP,imposter-draw,الإمبوستر بالرسم,tech,تقنيات,tech-1,word,هاتف,,ORIGINAL. من المحتوى المُراجع سابقًا؛ لا توجد علة واضحة تستدعي الحذف.
ORIGINAL,KEEP,imposter-draw,الإمبوستر بالرسم,tech,تقنيات,tech-2,word,لابتوب,,ORIGINAL. من المحتوى المُراجع سابقًا؛ لا توجد علة واضحة تستدعي الحذف.
ORIGINAL,KEEP,imposter-draw,الإمبوستر بالرسم,tech,تقنيات,tech-3,word,كمبيوتر,,ORIGINAL. من المحتوى المُراجع سابقًا؛ لا توجد علة واضحة تستدعي الحذف.
ORIGINAL,KEEP,imposter-draw,الإمبوستر بالرسم,tech,تقنيات,tech-4,word,روبوت,,ORIGINAL. من المحتوى المُراجع سابقًا؛ لا توجد علة واضحة تستدعي الحذف.
ORIGINAL,KEEP,imposter-draw,الإمبوستر بالرسم,tech,تقنيات,tech-5,word,كاميرا,,ORIGINAL. من المحتوى المُراجع سابقًا؛ لا توجد علة واضحة تستدعي الحذف.
ORIGINAL,KEEP,imposter-draw,الإمبوستر بالرسم,tech,تقنيات,tech-6,word,سماعات,,ORIGINAL. من المحتوى المُراجع سابقًا؛ لا توجد علة واضحة تستدعي الحذف.
ORIGINAL,KEEP,imposter-draw,الإمبوستر بالرسم,tech,تقنيات,tech-7,word,لوحة مفاتيح,,ORIGINAL. من المحتوى المُراجع سابقًا؛ لا توجد علة واضحة تستدعي الحذف.
ORIGINAL,KEEP,imposter-draw,الإمبوستر بالرسم,tech,تقنيات,tech-8,word,فأرة كمبيوتر,,ORIGINAL. من المحتوى المُراجع سابقًا؛ لا توجد علة واضحة تستدعي الحذف.
ORIGINAL,KEEP,imposter-draw,الإمبوستر بالرسم,tech,تقنيات,tech-9,word,شاشة,,ORIGINAL. من المحتوى المُراجع سابقًا؛ لا توجد علة واضحة تستدعي الحذف.
ORIGINAL,KEEP,imposter-draw,الإمبوستر بالرسم,tech,تقنيات,tech-10,word,طابعة,,ORIGINAL. من المحتوى المُراجع سابقًا؛ لا توجد علة واضحة تستدعي الحذف.
ORIGINAL,KEEP,imposter-draw,الإمبوستر بالرسم,tech,تقنيات,tech-11,word,ساعة ذكية,,ORIGINAL. من المحتوى المُراجع سابقًا؛ لا توجد علة واضحة تستدعي الحذف.
ORIGINAL,KEEP,imposter-draw,الإمبوستر بالرسم,tech,تقنيات,tech-12,word,شاحن,,ORIGINAL. من المحتوى المُراجع سابقًا؛ لا توجد علة واضحة تستدعي الحذف.
ORIGINAL,KEEP,imposter-draw,الإمبوستر بالرسم,tech,تقنيات,tech-13,word,باور بانك,,ORIGINAL. من المحتوى المُراجع سابقًا؛ لا توجد علة واضحة تستدعي الحذف.
ORIGINAL,KEEP,imposter-draw,الإمبوستر بالرسم,tech,تقنيات,tech-14,word,درون,,ORIGINAL. من المحتوى المُراجع سابقًا؛ لا توجد علة واضحة تستدعي الحذف.
ORIGINAL,KEEP,imposter-draw,الإمبوستر بالرسم,tech,تقنيات,tech-15,word,بلايستيشن,,ORIGINAL. من المحتوى المُراجع سابقًا؛ لا توجد علة واضحة تستدعي الحذف.
ORIGINAL,KEEP,imposter-draw,الإمبوستر بالرسم,tech,تقنيات,tech-16,word,يد تحكم,,ORIGINAL. من المحتوى المُراجع سابقًا؛ لا توجد علة واضحة تستدعي الحذف.
ORIGINAL,KEEP,imposter-draw,الإمبوستر بالرسم,tech,تقنيات,tech-17,word,نظارة واقع افتراضي,,ORIGINAL. من المحتوى المُراجع سابقًا؛ لا توجد علة واضحة تستدعي الحذف.
ORIGINAL,KEEP,imposter-draw,الإمبوستر بالرسم,tech,تقنيات,tech-18,word,ميكروفون,,ORIGINAL. من المحتوى المُراجع سابقًا؛ لا توجد علة واضحة تستدعي الحذف.
ORIGINAL,KEEP,imposter-draw,الإمبوستر بالرسم,tech,تقنيات,tech-19,word,فلاش ميموري,,ORIGINAL. من المحتوى المُراجع سابقًا؛ لا توجد علة واضحة تستدعي الحذف.
NEW,NEEDS_REVIEW,imposter-draw,الإمبوستر بالرسم,tech,تقنيات,tech-tv,word,تلفاز,,NEW. لم يُراجع بشريًا بعد. لا يُعامل كالمحتوى الأصلي المُختار حتى تمرير المالك.
NEW,NEEDS_REVIEW,imposter-draw,الإمبوستر بالرسم,tech,تقنيات,tech-remote,word,ريموت,,NEW. لم يُراجع بشريًا بعد. لا يُعامل كالمحتوى الأصلي المُختار حتى تمرير المالك.
NEW,NEEDS_REVIEW,imposter-draw,الإمبوستر بالرسم,tech,تقنيات,tech-tablet,word,تابلت,,NEW. لم يُراجع بشريًا بعد. لا يُعامل كالمحتوى الأصلي المُختار حتى تمرير المالك.
NEW,NEEDS_REVIEW,imposter-draw,الإمبوستر بالرسم,tech,تقنيات,tech-router,word,راوتر,,NEW. لم يُراجع بشريًا بعد. لا يُعامل كالمحتوى الأصلي المُختار حتى تمرير المالك.
NEW,NEEDS_REVIEW,imposter-draw,الإمبوستر بالرسم,tech,تقنيات,tech-battery,word,بطارية,,NEW. عنصر عام/فضفاض. قد يُرسم أو يُخمَّن بأي شيء، أو يكرّر مفهومًا أبسط من الأصل.
NEW,NEEDS_REVIEW,imposter-draw,الإمبوستر بالرسم,tech,تقنيات,tech-cable,word,كيبل,,NEW. عنصر عام/فضفاض. قد يُرسم أو يُخمَّن بأي شيء، أو يكرّر مفهومًا أبسط من الأصل.
NEW,NEAR_DUPLICATE,imposter-draw,الإمبوستر بالرسم,tech,تقنيات,tech-speaker,word,سبيكر,,NEW. سبيكر بجانب سماعات.
NEW,NEEDS_REVIEW,imposter-draw,الإمبوستر بالرسم,tech,تقنيات,tech-calculator,word,آلة حاسبة,,NEW. عنصر عام/فضفاض. قد يُرسم أو يُخمَّن بأي شيء، أو يكرّر مفهومًا أبسط من الأصل.
NEW,KEEP,imposter-draw,الإمبوستر بالرسم,tech,تقنيات,tech-xbox,word,إكس بوكس,,NEW. عنصر قوي مبدئيًا (واضح، شائع، أو خليجي مميز). ليس توقيعًا نهائيًا — أقل ثقة من الأصل.
NEW,FIX,imposter-draw,الإمبوستر بالرسم,tech,تقنيات,tech-switch,word,نينتندو,,NEW. النص «نينتندو» بينما المعرّف switch.
NEW,KEEP,imposter-draw,الإمبوستر بالرسم,tech,تقنيات,tech-wifi,word,واي فاي,,NEW. عنصر قوي مبدئيًا (واضح، شائع، أو خليجي مميز). ليس توقيعًا نهائيًا — أقل ثقة من الأصل.
NEW,NEAR_DUPLICATE,imposter-draw,الإمبوستر بالرسم,tech,تقنيات,tech-webcam,word,كاميرا ويب,,NEW. كاميرا ويب بجانب كاميرا.
NEW,NEEDS_REVIEW,imposter-draw,الإمبوستر بالرسم,tech,تقنيات,tech-scanner,word,سكانر,,NEW. عنصر عام/فضفاض. قد يُرسم أو يُخمَّن بأي شيء، أو يكرّر مفهومًا أبسط من الأصل.
NEW,NEEDS_REVIEW,imposter-draw,الإمبوستر بالرسم,tech,تقنيات,tech-projector,word,بروجكتر,,NEW. لم يُراجع بشريًا بعد. لا يُعامل كالمحتوى الأصلي المُختار حتى تمرير المالك.
NEW,NEAR_DUPLICATE,imposter-draw,الإمبوستر بالرسم,tech,تقنيات,tech-alarm,word,ساعة منبه,,NEW. ساعة منبه بجانب ساعة ذكية.
NEW,NEAR_DUPLICATE,imposter-draw,الإمبوستر بالرسم,tech,تقنيات,tech-usb,word,يو اس بي,,NEW. يو اس بي بجانب فلاش ميموري.
NEW,NEEDS_REVIEW,imposter-draw,الإمبوستر بالرسم,tech,تقنيات,tech-satellite,word,ستلايت,,NEW. لم يُراجع بشريًا بعد. لا يُعامل كالمحتوى الأصلي المُختار حتى تمرير المالك.
NEW,NEAR_DUPLICATE,imposter-draw,الإمبوستر بالرسم,tech,تقنيات,tech-antenna,word,هوائي,,NEW. هوائي قريب من ستلايت.
NEW,NEAR_DUPLICATE,imposter-draw,الإمبوستر بالرسم,tech,تقنيات,tech-hard-disk,word,هارد دسك,,NEW. هارد دسك قريب من وحدات التخزين الأخرى.
NEW,NEEDS_REVIEW,imposter-draw,الإمبوستر بالرسم,tech,تقنيات,tech-sim,word,شريحة جوال,,NEW. لم يُراجع بشريًا بعد. لا يُعامل كالمحتوى الأصلي المُختار حتى تمرير المالك.
NEW,NEAR_DUPLICATE,imposter-draw,الإمبوستر بالرسم,tech,تقنيات,tech-earbuds,word,إيربودز,,NEW. إيربودز بجانب سماعات.
ORIGINAL,KEEP,fast-answer,أسرع إجابة,animals,حيوانات,animals-1,question,ما أسرع حيوان بري؟,الفهد الصياد | الفهد | الشيتا | Cheetah,ORIGINAL. من المحتوى المُراجع سابقًا؛ لا توجد علة واضحة تستدعي الحذف.
ORIGINAL,KEEP,fast-answer,أسرع إجابة,animals,حيوانات,animals-2,question,ما أكبر حيوان في العالم؟,الحوت الأزرق | حوت أزرق | Blue whale,ORIGINAL. من المحتوى المُراجع سابقًا؛ لا توجد علة واضحة تستدعي الحذف.
ORIGINAL,KEEP,fast-answer,أسرع إجابة,animals,حيوانات,animals-3,question,كم قلبًا للأخطبوط؟,3 | ثلاثة | ثلاث,ORIGINAL. من المحتوى المُراجع سابقًا؛ لا توجد علة واضحة تستدعي الحذف.
ORIGINAL,KEEP,fast-answer,أسرع إجابة,animals,حيوانات,animals-4,question,ما الحيوان المعروف بسفينة الصحراء؟,الجمل | Camel,ORIGINAL. من المحتوى المُراجع سابقًا؛ لا توجد علة واضحة تستدعي الحذف.
ORIGINAL,KEEP,fast-answer,أسرع إجابة,animals,حيوانات,animals-5,question,ما الحيوان الذي يغيّر لون جلده للتمويه؟,الحرباء | Chameleon,ORIGINAL. من المحتوى المُراجع سابقًا؛ لا توجد علة واضحة تستدعي الحذف.
ORIGINAL,KEEP,fast-answer,أسرع إجابة,animals,حيوانات,animals-6,question,ما أكبر طائر في العالم؟,النعامة | Ostrich,ORIGINAL. من المحتوى المُراجع سابقًا؛ لا توجد علة واضحة تستدعي الحذف.
ORIGINAL,KEEP,fast-answer,أسرع إجابة,animals,حيوانات,animals-7,question,ما الحيوان الذي يتميز برقبة طويلة جدًا؟,الزرافة | Giraffe,ORIGINAL. من المحتوى المُراجع سابقًا؛ لا توجد علة واضحة تستدعي الحذف.
ORIGINAL,KEEP,fast-answer,أسرع إجابة,animals,حيوانات,animals-8,question,ما الحيوان الذي يُلقب بملك الغابة؟,الأسد | Lion,ORIGINAL. من المحتوى المُراجع سابقًا؛ لا توجد علة واضحة تستدعي الحذف.
ORIGINAL,KEEP,fast-answer,أسرع إجابة,animals,حيوانات,animals-9,question,كم رجلًا للنملة؟,6 | ستة | ست,ORIGINAL. من المحتوى المُراجع سابقًا؛ لا توجد علة واضحة تستدعي الحذف.
ORIGINAL,KEEP,fast-answer,أسرع إجابة,animals,حيوانات,animals-10,question,ما الحيوان الذي يعيش في القطب الجنوبي ويشتهر بلونه الأسود والأبيض؟,البطريق | Penguin,ORIGINAL. من المحتوى المُراجع سابقًا؛ لا توجد علة واضحة تستدعي الحذف.
ORIGINAL,KEEP,fast-answer,أسرع إجابة,animals,حيوانات,animals-11,question,ما الحيوان البحري الذي له ثمانية أذرع؟,الأخطبوط | Octopus,ORIGINAL. من المحتوى المُراجع سابقًا؛ لا توجد علة واضحة تستدعي الحذف.
ORIGINAL,KEEP,fast-answer,أسرع إجابة,animals,حيوانات,animals-12,question,ما الحيوان الذي يحمل صغاره في كيس؟,الكنغر | Kangaroo,ORIGINAL. من المحتوى المُراجع سابقًا؛ لا توجد علة واضحة تستدعي الحذف.
ORIGINAL,KEEP,fast-answer,أسرع إجابة,animals,حيوانات,animals-13,question,ما الحيوان الذي يشتهر ببطئه ويحمل صدفة؟,السلحفاة | Turtle,ORIGINAL. من المحتوى المُراجع سابقًا؛ لا توجد علة واضحة تستدعي الحذف.
ORIGINAL,KEEP,fast-answer,أسرع إجابة,animals,حيوانات,animals-14,question,ما الحيوان المعروف بخطوطه السوداء والبيضاء؟,الحمار الوحشي | حمار وحشي | الزيبرا | Zebra,ORIGINAL. من المحتوى المُراجع سابقًا؛ لا توجد علة واضحة تستدعي الحذف.
ORIGINAL,KEEP,fast-answer,أسرع إجابة,animals,حيوانات,animals-15,question,ما الحشرة التي تنتج العسل؟,النحلة | النحل | Bee,ORIGINAL. من المحتوى المُراجع سابقًا؛ لا توجد علة واضحة تستدعي الحذف.
ORIGINAL,KEEP,fast-answer,أسرع إجابة,animals,حيوانات,animals-16,question,ما الحيوان الذي يُعرف بقدرته الكبيرة على تقليد أصوات البشر؟,الببغاء | Parrot,ORIGINAL. من المحتوى المُراجع سابقًا؛ لا توجد علة واضحة تستدعي الحذف.
ORIGINAL,NEAR_DUPLICATE,fast-answer,أسرع إجابة,animals,حيوانات,animals-17,question,ما أكبر حيوان بري؟,الفيل | Elephant,ORIGINAL. نفس إجابة animals-20 (فيل) بمدخل مختلف (أكبر بري / خرطوم).
ORIGINAL,KEEP,fast-answer,أسرع إجابة,animals,حيوانات,animals-18,question,ما الحيوان الذي يعيش في الماء واليابسة ويبدأ حياته كشرغوف؟,الضفدع | Frog,ORIGINAL. من المحتوى المُراجع سابقًا؛ لا توجد علة واضحة تستدعي الحذف.
ORIGINAL,KEEP,fast-answer,أسرع إجابة,animals,حيوانات,animals-19,question,ما الحيوان الذي يشتهر ببناء السدود؟,القندس | البيفر | Beaver,ORIGINAL. من المحتوى المُراجع سابقًا؛ لا توجد علة واضحة تستدعي الحذف.
ORIGINAL,NEAR_DUPLICATE,fast-answer,أسرع إجابة,animals,حيوانات,animals-20,question,ما الحيوان الذي يستخدم خرطومه للشرب؟,الفيل | Elephant,ORIGINAL. نفس إجابة animals-17 (فيل).
NEW,KEEP,fast-answer,أسرع إجابة,animals,حيوانات,animals-owl,question,ما الطائر الليلي الذي يستطيع إدارة رأسه بزاوية واسعة؟,البومة | Owl,NEW. عنصر قوي مبدئيًا (واضح، شائع، أو خليجي مميز). ليس توقيعًا نهائيًا — أقل ثقة من الأصل.
NEW,KEEP,fast-answer,أسرع إجابة,animals,حيوانات,animals-panda,question,ما الحيوان الأبيض والأسود الذي يعيش على الخيزران؟,الباندا | Panda,NEW. عنصر قوي مبدئيًا (واضح، شائع، أو خليجي مميز). ليس توقيعًا نهائيًا — أقل ثقة من الأصل.
NEW,NEEDS_REVIEW,fast-answer,أسرع إجابة,animals,حيوانات,animals-polar-bear,question,ما الدب الذي يعيش في القطب الشمالي؟,الدب القطبي | Polar bear,NEW. «الدب + القطب الشمالي» يكاد يسمي الإجابة.
NEW,KEEP,fast-answer,أسرع إجابة,animals,حيوانات,animals-flamingo,question,ما الطائر الوردي الذي يقف غالبًا على رجل واحدة؟,النحام | فلامنغو | Flamingo,NEW. عنصر قوي مبدئيًا (واضح، شائع، أو خليجي مميز). ليس توقيعًا نهائيًا — أقل ثقة من الأصل.
NEW,KEEP,fast-answer,أسرع إجابة,animals,حيوانات,animals-hedgehog,question,ما الحيوان الصغير المغطى بأشواك على ظهره؟,القنفذ | Hedgehog,NEW. عنصر قوي مبدئيًا (واضح، شائع، أو خليجي مميز). ليس توقيعًا نهائيًا — أقل ثقة من الأصل.
NEW,KEEP,fast-answer,أسرع إجابة,animals,حيوانات,animals-peacock,question,ما الطائر الذي يفتح ذيله كمروحة ملونة؟,الطاووس | Peacock,NEW. عنصر قوي مبدئيًا (واضح، شائع، أو خليجي مميز). ليس توقيعًا نهائيًا — أقل ثقة من الأصل.
NEW,KEEP,fast-answer,أسرع إجابة,animals,حيوانات,animals-koala,question,ما الحيوان الأسترالي الذي يعيش على أشجار الكينا؟,الكوالا | Koala,NEW. عنصر قوي مبدئيًا (واضح، شائع، أو خليجي مميز). ليس توقيعًا نهائيًا — أقل ثقة من الأصل.
NEW,NEEDS_REVIEW,fast-answer,أسرع إجابة,animals,حيوانات,animals-hippo,question,ما الحيوان الأفريقي الضخم الذي يقضي ساعات طويلة في النهر؟,فرس النهر | Hippo,NEW. حيوان أفريقي ضخم في النهر قد يُفهم تمساح.
NEW,NEEDS_REVIEW,fast-answer,أسرع إجابة,animals,حيوانات,animals-rhino,question,ما الحيوان الضخم الذي يحمل قرنًا فوق أنفه؟,وحيد القرن | Rhino,NEW. «قرن فوق أنفه» يوجه مباشرة لوحيد القرن.
NEW,NEEDS_REVIEW,fast-answer,أسرع إجابة,animals,حيوانات,animals-spider-legs,question,كم رجلًا للعنكبوت؟,8 | ثمانية | ثمان,NEW. نفس قالب العدّ الأصلي (كم رجلًا للنملة؟) بإجابة رقمية أخرى.
NEW,NEEDS_REVIEW,fast-answer,أسرع إجابة,animals,حيوانات,animals-cow-stomachs,question,كم تجويفًا لمعدة البقرة عادة؟,4 | أربعة | أربع,NEW. صياغة التجاويف أدق علميًا من «4 معدات»، لكنه سؤال امتحان أحياء لا حفلة.
NEW,KEEP,fast-answer,أسرع إجابة,animals,حيوانات,animals-bat,question,ما الثديي الوحيد الذي يطير حقيقيًا بأجنحة؟,الخفاش | Bat,NEW. عنصر قوي مبدئيًا (واضح، شائع، أو خليجي مميز). ليس توقيعًا نهائيًا — أقل ثقة من الأصل.
NEW,KEEP,fast-answer,أسرع إجابة,animals,حيوانات,animals-seahorse,question,ما الحيوان البحري الذي يشبه الحصان ويحمل الذكر الصغار؟,حصان البحر | Seahorse,NEW. عنصر قوي مبدئيًا (واضح، شائع، أو خليجي مميز). ليس توقيعًا نهائيًا — أقل ثقة من الأصل.
NEW,KEEP,fast-answer,أسرع إجابة,animals,حيوانات,animals-hyena,question,ما الحيوان المعروف بصوت يشبه الضحك؟,الضبع | Hyena,NEW. عنصر قوي مبدئيًا (واضح، شائع، أو خليجي مميز). ليس توقيعًا نهائيًا — أقل ثقة من الأصل.
NEW,FIX,fast-answer,أسرع إجابة,animals,حيوانات,animals-orca,question,ما الحيوان البحري الملقب بالحوت القاتل؟,الأوركا | الحوت القاتل | Orca,NEW. نص السؤال يحتوي الإجابة بعد التطبيع.
NEW,KEEP,fast-answer,أسرع إجابة,animals,حيوانات,animals-firefly,question,ما الحشرة التي تضيء في الليل؟,اليراعة | Firefly,NEW. عنصر قوي مبدئيًا (واضح، شائع، أو خليجي مميز). ليس توقيعًا نهائيًا — أقل ثقة من الأصل.
NEW,NEEDS_REVIEW,fast-answer,أسرع إجابة,animals,حيوانات,animals-lioness,question,ما اسم أنثى الأسد؟,اللبوة | Lioness,NEW. «أنثى الأسد» قريبة من كشف الإجابة. لغوي أكثر من معلوماتي.
NEW,KEEP,fast-answer,أسرع إجابة,animals,حيوانات,animals-wolf,question,ما الحيوان المعروف بعوائه مع مجموعته؟,الذئب | Wolf,NEW. عنصر قوي مبدئيًا (واضح، شائع، أو خليجي مميز). ليس توقيعًا نهائيًا — أقل ثقة من الأصل.
NEW,FIX,fast-answer,أسرع إجابة,animals,حيوانات,animals-eagle,question,ما الطائر الجارح الأشهر في الصيد عند العرب؟,الصقر | Falcon,NEW. «الطائر الجارح الأشهر في الصيد عند العرب» قد يكون صقر أو عقاب.
NEW,KEEP,fast-answer,أسرع إجابة,animals,حيوانات,animals-starfish,question,ما الحيوان البحري الذي يشبه النجمة؟,نجم البحر | Starfish,NEW. عنصر قوي مبدئيًا (واضح، شائع، أو خليجي مميز). ليس توقيعًا نهائيًا — أقل ثقة من الأصل.
ORIGINAL,KEEP,fast-answer,أسرع إجابة,food,أكلات,food-1,question,ما الأكلة الإيطالية الدائرية المشهورة بالجبن والصلصة؟,بيتزا | Pizza,ORIGINAL. من المحتوى المُراجع سابقًا؛ لا توجد علة واضحة تستدعي الحذف.
ORIGINAL,KEEP,fast-answer,أسرع إجابة,food,أكلات,food-2,question,ما الأكلة التي تتكون غالبًا من خبز ولحم وطبقات إضافية؟,برغر | برجر | Burger,ORIGINAL. من المحتوى المُراجع سابقًا؛ لا توجد علة واضحة تستدعي الحذف.
ORIGINAL,KEEP,fast-answer,أسرع إجابة,food,أكلات,food-3,question,ما الأكلة الشامية التي تُلف غالبًا بالخبز وتحتوي لحمًا أو دجاجًا؟,شاورما | Shawarma,ORIGINAL. من المحتوى المُراجع سابقًا؛ لا توجد علة واضحة تستدعي الحذف.
ORIGINAL,KEEP,fast-answer,أسرع إجابة,food,أكلات,food-4,question,ما الطبق السعودي الشهير الذي يُحضّر بالأرز واللحم أو الدجاج؟,كبسة | Kabsa,ORIGINAL. من المحتوى المُراجع سابقًا؛ لا توجد علة واضحة تستدعي الحذف.
ORIGINAL,FIX,fast-answer,أسرع إجابة,food,أكلات,food-5,question,ما الأكلة المصنوعة غالبًا من الحمص أو الفول وتُقلى على شكل أقراص؟,فلافل | طعمية,ORIGINAL. الإجابة العربية جيدة غالبًا لكن التغطية الإنجليزية ناقصة.
ORIGINAL,KEEP,fast-answer,أسرع إجابة,food,أكلات,food-6,question,ما الأكلة اليابانية المشهورة التي قد تحتوي أرزًا وسمكًا؟,سوشي | Sushi,ORIGINAL. من المحتوى المُراجع سابقًا؛ لا توجد علة واضحة تستدعي الحذف.
ORIGINAL,KEEP,fast-answer,أسرع إجابة,food,أكلات,food-7,question,ما الحلوى الباردة المصنوعة من الحليب أو الكريمة والمنكهات؟,آيس كريم | مثلجات | Ice cream,ORIGINAL. من المحتوى المُراجع سابقًا؛ لا توجد علة واضحة تستدعي الحذف.
ORIGINAL,KEEP,fast-answer,أسرع إجابة,food,أكلات,food-8,question,ما الحلوى المقلية الدائرية التي غالبًا يكون في وسطها ثقب؟,دونات | دونت | Donut | Doughnut,ORIGINAL. من المحتوى المُراجع سابقًا؛ لا توجد علة واضحة تستدعي الحذف.
ORIGINAL,KEEP,fast-answer,أسرع إجابة,food,أكلات,food-9,question,ما الطعام الذي يُحضّر على شكل أقراص من عجينة سائلة ويؤكل غالبًا في الإفطار؟,بان كيك | Pancake | Pancakes,ORIGINAL. من المحتوى المُراجع سابقًا؛ لا توجد علة واضحة تستدعي الحذف.
ORIGINAL,KEEP,fast-answer,أسرع إجابة,food,أكلات,food-10,question,ما الحلوى الشبكية التي تُطهى في جهاز خاص وتؤكل مع الصوصات؟,وافل | Waffle | Waffles,ORIGINAL. من المحتوى المُراجع سابقًا؛ لا توجد علة واضحة تستدعي الحذف.
ORIGINAL,KEEP,fast-answer,أسرع إجابة,food,أكلات,food-11,question,ما الحلوى الصغيرة التي تشبه الكيك وتُخبز عادة في قالب ورقي؟,كب كيك | Cupcake | Cup cake,ORIGINAL. من المحتوى المُراجع سابقًا؛ لا توجد علة واضحة تستدعي الحذف.
ORIGINAL,KEEP,fast-answer,أسرع إجابة,food,أكلات,food-12,question,ما المعجنات المثلثة المحشوة غالبًا باللحم أو الجبن أو الخضار؟,سمبوسة | سمبوسك | Samosa,ORIGINAL. من المحتوى المُراجع سابقًا؛ لا توجد علة واضحة تستدعي الحذف.
ORIGINAL,KEEP,fast-answer,أسرع إجابة,food,أكلات,food-13,question,ما الحلوى التي تعتمد بشكل أساسي على الجبن وتُقدم ككيكة؟,تشيز كيك | Cheesecake | Cheese cake,ORIGINAL. من المحتوى المُراجع سابقًا؛ لا توجد علة واضحة تستدعي الحذف.
ORIGINAL,FIX,fast-answer,أسرع إجابة,food,أكلات,food-14,question,ما الفاكهة الكبيرة ذات القشرة الخضراء والداخل الأحمر غالبًا؟,بطيخ | حبحب,ORIGINAL. الإجابة العربية جيدة غالبًا لكن التغطية الإنجليزية ناقصة.
ORIGINAL,KEEP,fast-answer,أسرع إجابة,food,أكلات,food-15,question,ما الفاكهة ذات القشرة الخشنة والتاج الورقي؟,أناناس | Pineapple,ORIGINAL. من المحتوى المُراجع سابقًا؛ لا توجد علة واضحة تستدعي الحذف.
ORIGINAL,KEEP,fast-answer,أسرع إجابة,food,أكلات,food-16,question,ما الفاكهة الحمراء الصغيرة التي تحمل بذورها على سطحها؟,فراولة | Strawberry,ORIGINAL. من المحتوى المُراجع سابقًا؛ لا توجد علة واضحة تستدعي الحذف.
ORIGINAL,KEEP,fast-answer,أسرع إجابة,food,أكلات,food-17,question,ما الطعام الذي يُصنع من حبوب الذرة عند تسخينها حتى تنفجر؟,فشار | بوشار | Popcorn,ORIGINAL. من المحتوى المُراجع سابقًا؛ لا توجد علة واضحة تستدعي الحذف.
NEW,KEEP,fast-answer,أسرع إجابة,food,أكلات,food-mandi,question,ما طبق الأرز واللحم الذي يُطهى غالبًا في التنور؟,مندي | Mandi,NEW. عنصر قوي مبدئيًا (واضح، شائع، أو خليجي مميز). ليس توقيعًا نهائيًا — أقل ثقة من الأصل.
NEW,KEEP,fast-answer,أسرع إجابة,food,أكلات,food-harees,question,ما الأكلة الخليجية من القمح المهروس واللحم؟,هريس | Harees,NEW. عنصر قوي مبدئيًا (واضح، شائع، أو خليجي مميز). ليس توقيعًا نهائيًا — أقل ثقة من الأصل.
NEW,KEEP,fast-answer,أسرع إجابة,food,أكلات,food-dates,question,ما الفاكهة التي تُقدم غالبًا مع القهوة العربية؟,تمر | Dates,NEW. عنصر قوي مبدئيًا (واضح، شائع، أو خليجي مميز). ليس توقيعًا نهائيًا — أقل ثقة من الأصل.
NEW,FIX,fast-answer,أسرع إجابة,food,أكلات,food-arabic-coffee,question,ما المشروب الذي يُسكب في فنجان صغير مع الهيل؟,قهوة عربية | قهوة | Coffee,NEW. يقبل «قهوة» وهو أوسع من قهوة عربية.
NEW,NEEDS_REVIEW,fast-answer,أسرع إجابة,food,أكلات,food-kunafa,question,ما الحلوى بالجبن أو القشطة والقطر؟,كنافة | Kunafa,NEW. الجبن/القشطة والقطر ينطبق على قطايف وغيرها.
NEW,NEEDS_REVIEW,fast-answer,أسرع إجابة,food,أكلات,food-baklava,question,ما الحلوى الرقائقية المحشوة بالمكسرات والقطر؟,بقلاوة | Baklava,NEW. لم يُراجع بشريًا بعد. لا يُعامل كالمحتوى الأصلي المُختار حتى تمرير المالك.
NEW,KEEP,fast-answer,أسرع إجابة,food,أكلات,food-luqaimat,question,ما الحلوى الخليجية المقليّة على شكل كرات مع الدبس؟,لقيمات | Luqaimat,NEW. عنصر قوي مبدئيًا (واضح، شائع، أو خليجي مميز). ليس توقيعًا نهائيًا — أقل ثقة من الأصل.
NEW,KEEP,fast-answer,أسرع إجابة,food,أكلات,food-mutabbaq,question,ما العجينة المقليّة المحشوة لحمًا أو جبنًا والمشهورة في جدة؟,مطبق | Mutabbaq,NEW. عنصر قوي مبدئيًا (واضح، شائع، أو خليجي مميز). ليس توقيعًا نهائيًا — أقل ثقة من الأصل.
NEW,FIX,fast-answer,أسرع إجابة,food,أكلات,food-hummus,question,ما الغموس المصنوع من الحمص والطحينة؟,حمص | Hummus,NEW. نص السؤال يحتوي الإجابة بعد التطبيع.
NEW,KEEP,fast-answer,أسرع إجابة,food,أكلات,food-mansaf,question,ما طبق الأرز واللحم باللبن الأشهر في الأردن؟,منسف | Mansaf,NEW. عنصر قوي مبدئيًا (واضح، شائع، أو خليجي مميز). ليس توقيعًا نهائيًا — أقل ثقة من الأصل.
NEW,KEEP,fast-answer,أسرع إجابة,food,أكلات,food-koshari,question,ما طبق الأرز والعدس والمكرونة الشهير في مصر؟,كشري | Koshari,NEW. عنصر قوي مبدئيًا (واضح، شائع، أو خليجي مميز). ليس توقيعًا نهائيًا — أقل ثقة من الأصل.
NEW,KEEP,fast-answer,أسرع إجابة,food,أكلات,food-molokhia,question,ما طبق الورق الأخضر الذي يُطبخ مع الدجاج أو اللحم؟,ملوخية | Molokhia,NEW. عنصر قوي مبدئيًا (واضح، شائع، أو خليجي مميز). ليس توقيعًا نهائيًا — أقل ثقة من الأصل.
NEW,KEEP,fast-answer,أسرع إجابة,food,أكلات,food-biryani,question,ما طبق الأرز المتبّل الشهير في الهند والخليج؟,برياني | Biryani,NEW. عنصر قوي مبدئيًا (واضح، شائع، أو خليجي مميز). ليس توقيعًا نهائيًا — أقل ثقة من الأصل.
NEW,NEEDS_REVIEW,fast-answer,أسرع إجابة,food,أكلات,food-chocolate,question,ما الحلوى البنية المصنوعة من الكاكاو؟,شوكولاتة | Chocolate,NEW. «الحلوى البنية من الكاكاو» سهل وحشوي.
NEW,NEEDS_REVIEW,fast-answer,أسرع إجابة,food,أكلات,food-mango,question,ما الفاكهة الاستوائية الصفراء ذات النواة الكبيرة؟,مانجو | Mango,NEW. وصف مانجو بصري؛ حشو فواكه.
NEW,NEEDS_REVIEW,fast-answer,أسرع إجابة,food,أكلات,food-banana,question,ما الفاكهة الصفراء المقوّسة التي تُقشر باليد؟,موز | Banana,NEW. وصف الموز المقوّس أصعب ما فيه أنه سهل زيادة؛ حشو فواكه.
NEW,NEEDS_REVIEW,fast-answer,أسرع إجابة,food,أكلات,food-apple,question,ما الفاكهة البيضاء من الداخل وقشرتها حمراء أو خضراء؟,تفاح | Apple,NEW. وصف التفاح البصري حشو سهل جدًا.
NEW,KEEP,fast-answer,أسرع إجابة,food,أكلات,food-karak,question,ما الشاي المغلي بالحليب والهال المنتشر في الخليج؟,كرك | شاي كرك | Karak,NEW. عنصر قوي مبدئيًا (واضح، شائع، أو خليجي مميز). ليس توقيعًا نهائيًا — أقل ثقة من الأصل.
NEW,KEEP,fast-answer,أسرع إجابة,food,أكلات,food-labneh,question,ما منتج الحليب الكثيف الذي يُقدم مع زيت الزيتون والزعتر؟,لبنة | Labneh,NEW. عنصر قوي مبدئيًا (واضح، شائع، أو خليجي مميز). ليس توقيعًا نهائيًا — أقل ثقة من الأصل.
NEW,NEEDS_REVIEW,fast-answer,أسرع إجابة,food,أكلات,food-olive,question,ما الثمرة الصغيرة التي يُعصر منها زيت المائدة الشهير؟,زيتون | Olive,NEW. «الثمرة التي يُعصر منها الزيت» يكاد يكشف زيتون.
NEW,NEEDS_REVIEW,fast-answer,أسرع إجابة,food,أكلات,food-pasta,question,ما الطعام الإيطالي المصنوع من القمح على أشكال مختلفة؟,معكرونة | باستا | Pasta,NEW. عنصر عام/فضفاض. قد يُرسم أو يُخمَّن بأي شيء، أو يكرّر مفهومًا أبسط من الأصل.
NEW,NEEDS_REVIEW,fast-answer,أسرع إجابة,food,أكلات,food-rice,question,ما الحبوب البيضاء التي تُقدم مع الكبسة والمندي؟,أرز | رز | Rice,NEW. يذكر الكبسة والمندي في السؤال — التلميح قوي جدًا، وصعوبة رياض أطفال.
NEW,KEEP,fast-answer,أسرع إجابة,food,أكلات,food-basbousa,question,ما الحلوى السميدية المشربة بالقطر والمنتشرة عربيًا؟,بسبوسة | Basbousa,NEW. عنصر قوي مبدئيًا (واضح، شائع، أو خليجي مميز). ليس توقيعًا نهائيًا — أقل ثقة من الأصل.
ORIGINAL,KEEP,fast-answer,أسرع إجابة,countries,بلدان,countries-1,question,ما عاصمة السعودية؟,الرياض | Riyadh,ORIGINAL. من المحتوى المُراجع سابقًا؛ لا توجد علة واضحة تستدعي الحذف.
ORIGINAL,KEEP,fast-answer,أسرع إجابة,countries,بلدان,countries-2,question,ما الدولة التي تقع فيها مدينة دبي؟,الإمارات | الإمارات العربية المتحدة | UAE,ORIGINAL. من المحتوى المُراجع سابقًا؛ لا توجد علة واضحة تستدعي الحذف.
ORIGINAL,KEEP,fast-answer,أسرع إجابة,countries,بلدان,countries-3,question,ما الدولة التي تشتهر ببرج إيفل؟,فرنسا | France,ORIGINAL. من المحتوى المُراجع سابقًا؛ لا توجد علة واضحة تستدعي الحذف.
ORIGINAL,KEEP,fast-answer,أسرع إجابة,countries,بلدان,countries-4,question,ما الدولة التي تقع فيها الأهرامات؟,مصر | Egypt,ORIGINAL. من المحتوى المُراجع سابقًا؛ لا توجد علة واضحة تستدعي الحذف.
ORIGINAL,KEEP,fast-answer,أسرع إجابة,countries,بلدان,countries-5,question,ما عاصمة اليابان؟,طوكيو | توكيو | Tokyo,ORIGINAL. من المحتوى المُراجع سابقًا؛ لا توجد علة واضحة تستدعي الحذف.
ORIGINAL,KEEP,fast-answer,أسرع إجابة,countries,بلدان,countries-6,question,ما الدولة التي تشتهر بتاج محل؟,الهند | India,ORIGINAL. من المحتوى المُراجع سابقًا؛ لا توجد علة واضحة تستدعي الحذف.
ORIGINAL,KEEP,fast-answer,أسرع إجابة,countries,بلدان,countries-7,question,ما الدولة التي تقع فيها مدينة إسطنبول؟,تركيا | Turkey,ORIGINAL. من المحتوى المُراجع سابقًا؛ لا توجد علة واضحة تستدعي الحذف.
ORIGINAL,KEEP,fast-answer,أسرع إجابة,countries,بلدان,countries-8,question,ما عاصمة المغرب؟,الرباط | Rabat,ORIGINAL. من المحتوى المُراجع سابقًا؛ لا توجد علة واضحة تستدعي الحذف.
ORIGINAL,KEEP,fast-answer,أسرع إجابة,countries,بلدان,countries-9,question,ما أكبر دولة في العالم من حيث المساحة؟,روسيا | Russia,ORIGINAL. من المحتوى المُراجع سابقًا؛ لا توجد علة واضحة تستدعي الحذف.
ORIGINAL,KEEP,fast-answer,أسرع إجابة,countries,بلدان,countries-10,question,ما الدولة التي تشتهر بالبيتزا والباستا؟,إيطاليا | Italy,ORIGINAL. من المحتوى المُراجع سابقًا؛ لا توجد علة واضحة تستدعي الحذف.
ORIGINAL,KEEP,fast-answer,أسرع إجابة,countries,بلدان,countries-11,question,ما الدولة التي تقع فيها مدينة أمستردام؟,هولندا | Netherlands | Nederland,ORIGINAL. من المحتوى المُراجع سابقًا؛ لا توجد علة واضحة تستدعي الحذف.
ORIGINAL,KEEP,fast-answer,أسرع إجابة,countries,بلدان,countries-12,question,ما عاصمة الأردن؟,عمّان | Amman,ORIGINAL. من المحتوى المُراجع سابقًا؛ لا توجد علة واضحة تستدعي الحذف.
ORIGINAL,KEEP,fast-answer,أسرع إجابة,countries,بلدان,countries-13,question,ما الدولة التي تقع فيها مدينة برشلونة؟,إسبانيا | Spain,ORIGINAL. من المحتوى المُراجع سابقًا؛ لا توجد علة واضحة تستدعي الحذف.
ORIGINAL,KEEP,fast-answer,أسرع إجابة,countries,بلدان,countries-14,question,ما عاصمة البرازيل؟,برازيليا | Brasilia,ORIGINAL. من المحتوى المُراجع سابقًا؛ لا توجد علة واضحة تستدعي الحذف.
ORIGINAL,KEEP,fast-answer,أسرع إجابة,countries,بلدان,countries-15,question,ما الدولة التي تقع فيها مدينة مكة؟,السعودية | المملكة العربية السعودية | Saudi Arabia,ORIGINAL. من المحتوى المُراجع سابقًا؛ لا توجد علة واضحة تستدعي الحذف.
ORIGINAL,KEEP,fast-answer,أسرع إجابة,countries,بلدان,countries-16,question,ما الدولة التي تقع فيها مدينة لندن؟,بريطانيا | المملكة المتحدة | UK | United Kingdom,ORIGINAL. من المحتوى المُراجع سابقًا؛ لا توجد علة واضحة تستدعي الحذف.
ORIGINAL,KEEP,fast-answer,أسرع إجابة,countries,بلدان,countries-17,question,ما عاصمة ألمانيا؟,برلين | Berlin,ORIGINAL. من المحتوى المُراجع سابقًا؛ لا توجد علة واضحة تستدعي الحذف.
ORIGINAL,NEEDS_REVIEW,fast-answer,أسرع إجابة,countries,بلدان,countries-18,question,ما الدولة التي تشتهر بالكنغر؟,أستراليا | Australia,"ORIGINAL ID, replaced wording (كان Big Ben/بريطانيا). السؤال الحالي عن الكنغر/أستراليا جيد مبدئيًا لكن يحتاج تأكيد مالك لأنه لم يعد النص الأصلي."
ORIGINAL,KEEP,fast-answer,أسرع إجابة,countries,بلدان,countries-19,question,ما الدولة التي تقع فيها مدينة نيويورك؟,أمريكا | الولايات المتحدة | USA | United States,ORIGINAL. من المحتوى المُراجع سابقًا؛ لا توجد علة واضحة تستدعي الحذف.
ORIGINAL,KEEP,fast-answer,أسرع إجابة,countries,بلدان,countries-20,question,ما عاصمة قطر؟,الدوحة | Doha,ORIGINAL. من المحتوى المُراجع سابقًا؛ لا توجد علة واضحة تستدعي الحذف.
NEW,NEEDS_REVIEW,fast-answer,أسرع إجابة,countries,بلدان,countries-new-zealand,question,ما الدولة التي عاصمتها ويلينغتون؟,نيوزيلندا | نيوزيلاند | New Zealand,NEW. لم يُراجع بشريًا بعد. لا يُعامل كالمحتوى الأصلي المُختار حتى تمرير المالك.
NEW,KEEP,fast-answer,أسرع إجابة,countries,بلدان,countries-china-wall,question,ما الدولة التي فيها السور العظيم الشهير؟,الصين | China,NEW. عنصر قوي مبدئيًا (واضح، شائع، أو خليجي مميز). ليس توقيعًا نهائيًا — أقل ثقة من الأصل.
NEW,NEEDS_REVIEW,fast-answer,أسرع إجابة,countries,بلدان,countries-usa-capital,question,ما عاصمة الولايات المتحدة؟,واشنطن | Washington | Washington DC,NEW. نمط «ما عاصمة…» يحول الفئة إلى امتحان جغرافيا.
NEW,FIX,fast-answer,أسرع إجابة,countries,بلدان,countries-kuwait-capital,question,ما عاصمة الكويت؟,مدينة الكويت | الكويت | Kuwait City,NEW. يقبل «الكويت» كعاصمة، وهذا اسم الدولة لا المدينة.
NEW,FIX,fast-answer,أسرع إجابة,countries,بلدان,countries-mexico,question,ما الدولة التي تقع فيها مدينة مكسيكو سيتي؟,المكسيك | Mexico,NEW. نص السؤال يحتوي الإجابة بعد التطبيع.
NEW,KEEP,fast-answer,أسرع إجابة,countries,بلدان,countries-canada,question,ما الدولة التي تحمل ورقة القيقب الحمراء على علمها؟,كندا | Canada,NEW. عنصر قوي مبدئيًا (واضح، شائع، أو خليجي مميز). ليس توقيعًا نهائيًا — أقل ثقة من الأصل.
NEW,NEEDS_REVIEW,fast-answer,أسرع إجابة,countries,بلدان,countries-greece,question,ما الدولة التي تشتهر بأثينا والبارثينون؟,اليونان | Greece,NEW. بلد إضافي بأسلوب قائمة أطلس أكثر من موضوع سالفة/تخمين ممتع.
NEW,NEEDS_REVIEW,fast-answer,أسرع إجابة,countries,بلدان,countries-portugal,question,ما الدولة التي تقع فيها مدينة لشبونة؟,البرتغال | Portugal,NEW. نفس قالب «ما الدولة التي تقع فيها مدينة…».
NEW,NEEDS_REVIEW,fast-answer,أسرع إجابة,countries,بلدان,countries-korea,question,ما الدولة التي عاصمتها سيول؟,كوريا الجنوبية | South Korea,NEW. لم يُراجع بشريًا بعد. لا يُعامل كالمحتوى الأصلي المُختار حتى تمرير المالك.
NEW,NEEDS_REVIEW,fast-answer,أسرع إجابة,countries,بلدان,countries-singapore,question,ما الدولة المدينة المعروفة بتمثال ميرليون؟,سنغافورة | Singapore,NEW. بلد إضافي بأسلوب قائمة أطلس أكثر من موضوع سالفة/تخمين ممتع.
NEW,NEEDS_REVIEW,fast-answer,أسرع إجابة,countries,بلدان,countries-south-africa,question,ما الدولة التي تقع فيها مدينة كيب تاون؟,جنوب أفريقيا | South Africa,NEW. نفس قالب «ما الدولة التي تقع فيها مدينة…».
NEW,NEEDS_REVIEW,fast-answer,أسرع إجابة,countries,بلدان,countries-argentina,question,ما الدولة التي عاصمتها بوينس آيرس؟,الأرجنتين | Argentina,NEW. لم يُراجع بشريًا بعد. لا يُعامل كالمحتوى الأصلي المُختار حتى تمرير المالك.
NEW,NEEDS_REVIEW,fast-answer,أسرع إجابة,countries,بلدان,countries-iraq,question,ما عاصمة العراق؟,بغداد | Baghdad,NEW. نمط «ما عاصمة…» يحول الفئة إلى امتحان جغرافيا.
NEW,NEEDS_REVIEW,fast-answer,أسرع إجابة,countries,بلدان,countries-lebanon,question,ما عاصمة لبنان؟,بيروت | Beirut,NEW. نمط «ما عاصمة…» يحول الفئة إلى امتحان جغرافيا.
NEW,NEEDS_REVIEW,fast-answer,أسرع إجابة,countries,بلدان,countries-syria,question,ما عاصمة سوريا؟,دمشق | Damascus,NEW. نمط «ما عاصمة…» يحول الفئة إلى امتحان جغرافيا.
NEW,NEEDS_REVIEW,fast-answer,أسرع إجابة,countries,بلدان,countries-yemen,question,ما عاصمة اليمن؟,صنعاء | Sanaa,NEW. نمط «ما عاصمة…» يحول الفئة إلى امتحان جغرافيا.
NEW,NEEDS_REVIEW,fast-answer,أسرع إجابة,countries,بلدان,countries-sudan,question,ما عاصمة السودان؟,الخرطوم | Khartoum,NEW. نمط «ما عاصمة…» يحول الفئة إلى امتحان جغرافيا.
NEW,NEEDS_REVIEW,fast-answer,أسرع إجابة,countries,بلدان,countries-pakistan,question,ما عاصمة باكستان؟,إسلام آباد | Islamabad,NEW. نمط «ما عاصمة…» يحول الفئة إلى امتحان جغرافيا.
NEW,NEEDS_REVIEW,fast-answer,أسرع إجابة,countries,بلدان,countries-russia-capital,question,ما عاصمة روسيا؟,موسكو | Moscow,NEW. نمط «ما عاصمة…» يحول الفئة إلى امتحان جغرافيا.
NEW,NEEDS_REVIEW,fast-answer,أسرع إجابة,countries,بلدان,countries-china-capital,question,ما عاصمة الصين؟,بكين | Beijing,NEW. نمط «ما عاصمة…» يحول الفئة إلى امتحان جغرافيا.
ORIGINAL,KEEP,fast-answer,أسرع إجابة,series,مسلسلات,series-1,question,في أي مسلسل يظهر والتر وايت؟,Breaking Bad | بريكنق باد | بريكنغ باد,ORIGINAL. من المحتوى المُراجع سابقًا؛ لا توجد علة واضحة تستدعي الحذف.
ORIGINAL,KEEP,fast-answer,أسرع إجابة,series,مسلسلات,series-2,question,من الشخصية الرئيسية في مسلسل Dexter؟,Dexter Morgan | ديكستر مورغان | ديكستر,ORIGINAL. من المحتوى المُراجع سابقًا؛ لا توجد علة واضحة تستدعي الحذف.
ORIGINAL,KEEP,fast-answer,أسرع إجابة,series,مسلسلات,series-3,question,في أي مسلسل توجد عائلة Stark؟,Game of Thrones | جيم أوف ثرونز,ORIGINAL. من المحتوى المُراجع سابقًا؛ لا توجد علة واضحة تستدعي الحذف.
ORIGINAL,KEEP,fast-answer,أسرع إجابة,series,مسلسلات,series-4,question,ما اسم السجن الشهير في بداية مسلسل Prison Break؟,Fox River | فوكس ريفر,ORIGINAL. من المحتوى المُراجع سابقًا؛ لا توجد علة واضحة تستدعي الحذف.
ORIGINAL,KEEP,fast-answer,أسرع إجابة,series,مسلسلات,series-5,question,في أي مسلسل يظهر Tommy Shelby؟,Peaky Blinders | بيكي بلايندرز,ORIGINAL. من المحتوى المُراجع سابقًا؛ لا توجد علة واضحة تستدعي الحذف.
ORIGINAL,KEEP,fast-answer,أسرع إجابة,series,مسلسلات,series-6,question,ما اسم المجموعة الخارقة في مسلسل The Boys؟,The Seven | السبعة | ذا سفن,ORIGINAL. من المحتوى المُراجع سابقًا؛ لا توجد علة واضحة تستدعي الحذف.
ORIGINAL,KEEP,fast-answer,أسرع إجابة,series,مسلسلات,series-7,question,في أي مسلسل يظهر Saul Goodman؟,Better Call Saul | بيتر كول سول,ORIGINAL. من المحتوى المُراجع سابقًا؛ لا توجد علة واضحة تستدعي الحذف.
ORIGINAL,KEEP,fast-answer,أسرع إجابة,series,مسلسلات,series-8,question,ما اسم المدينة التي تدور فيها أحداث Stranger Things؟,Hawkins | هوكينز,ORIGINAL. من المحتوى المُراجع سابقًا؛ لا توجد علة واضحة تستدعي الحذف.
ORIGINAL,KEEP,fast-answer,أسرع إجابة,series,مسلسلات,series-9,question,في أي مسلسل يظهر Ragnar Lothbrok؟,Vikings | فايكنغز | فايكنجز,ORIGINAL. من المحتوى المُراجع سابقًا؛ لا توجد علة واضحة تستدعي الحذف.
ORIGINAL,KEEP,fast-answer,أسرع إجابة,series,مسلسلات,series-10,question,ما اسم اللعبة القاتلة الشهيرة في مسلسل Squid Game؟,"Red Light, Green Light | الضوء الأحمر والضوء الأخضر",ORIGINAL. من المحتوى المُراجع سابقًا؛ لا توجد علة واضحة تستدعي الحذف.
ORIGINAL,KEEP,fast-answer,أسرع إجابة,series,مسلسلات,series-11,question,في أي مسلسل يظهر Rick Grimes؟,The Walking Dead | ذا ووكينغ ديد,ORIGINAL. من المحتوى المُراجع سابقًا؛ لا توجد علة واضحة تستدعي الحذف.
ORIGINAL,KEEP,fast-answer,أسرع إجابة,series,مسلسلات,series-12,question,ما اسم المحقق الشهير في مسلسل Sherlock؟,Sherlock Holmes | شيرلوك هولمز | شيرلوك,ORIGINAL. من المحتوى المُراجع سابقًا؛ لا توجد علة واضحة تستدعي الحذف.
ORIGINAL,KEEP,fast-answer,أسرع إجابة,series,مسلسلات,series-13,question,في أي مسلسل تظهر شخصية Geralt of Rivia؟,The Witcher | ذا ويتشر,ORIGINAL. من المحتوى المُراجع سابقًا؛ لا توجد علة واضحة تستدعي الحذف.
ORIGINAL,KEEP,fast-answer,أسرع إجابة,series,مسلسلات,series-14,question,ما اسم عائلة التنين الرئيسية في House of the Dragon؟,Targaryen | تارغاريان | تارجيريان,ORIGINAL. من المحتوى المُراجع سابقًا؛ لا توجد علة واضحة تستدعي الحذف.
ORIGINAL,KEEP,fast-answer,أسرع إجابة,series,مسلسلات,series-15,question,في أي مسلسل يظهر Pablo Escobar كشخصية رئيسية؟,Narcos | ناركوس,ORIGINAL. من المحتوى المُراجع سابقًا؛ لا توجد علة واضحة تستدعي الحذف.
ORIGINAL,KEEP,fast-answer,أسرع إجابة,series,مسلسلات,series-16,question,ما اسم المحامي الرئيسي في مسلسل Suits؟,Harvey Specter | هارفي سبكتر | هارفي,ORIGINAL. من المحتوى المُراجع سابقًا؛ لا توجد علة واضحة تستدعي الحذف.
ORIGINAL,KEEP,fast-answer,أسرع إجابة,series,مسلسلات,series-17,question,في أي مسلسل يظهر Tony Soprano؟,The Sopranos | ذا سوبرانوز | سوبرانوز,ORIGINAL. من المحتوى المُراجع سابقًا؛ لا توجد علة واضحة تستدعي الحذف.
ORIGINAL,KEEP,fast-answer,أسرع إجابة,series,مسلسلات,series-18,question,ما اسم الشخصية التي يلعبها Pedro Pascal في The Last of Us؟,Joel | جويل,ORIGINAL. من المحتوى المُراجع سابقًا؛ لا توجد علة واضحة تستدعي الحذف.
ORIGINAL,KEEP,fast-answer,أسرع إجابة,series,مسلسلات,series-19,question,في أي مسلسل تدور أحداث سرقة دار السك الإسبانية؟,Money Heist | La Casa de Papel | لا كاسا دي بابيل,ORIGINAL. من المحتوى المُراجع سابقًا؛ لا توجد علة واضحة تستدعي الحذف.
ORIGINAL,NEEDS_REVIEW,fast-answer,أسرع إجابة,series,مسلسلات,series-20,question,ما اسم المسلسل الذي تسقط فيه رحلة Oceanic 815؟,Lost | لوست,"ORIGINAL ID, replaced wording. Oceanic 815 → Lost أوضح من «الجزيرة»، لكن رقم الرحلة قد يكون صعبًا على جزء من المجموعة."
NEW,KEEP,fast-answer,أسرع إجابة,series,مسلسلات,series-friends,question,في أي مسلسل تظهر راشيل ومونيكا وجوي؟,Friends | فريندز,NEW. عنصر قوي مبدئيًا (واضح، شائع، أو خليجي مميز). ليس توقيعًا نهائيًا — أقل ثقة من الأصل.
NEW,KEEP,fast-answer,أسرع إجابة,series,مسلسلات,series-office,question,في أي مسلسل يعمل مايكل سكوت مديرًا إقليميًا؟,The Office | ذا أوفيس,NEW. عنصر قوي مبدئيًا (واضح، شائع، أو خليجي مميز). ليس توقيعًا نهائيًا — أقل ثقة من الأصل.
NEW,NEEDS_REVIEW,fast-answer,أسرع إجابة,series,مسلسلات,series-wednesday,question,ما اسم ابنة عائلة آدامز في مسلسل نتفليكس الأسود؟,Wednesday | وينزداي,NEW. لم يُراجع بشريًا بعد. لا يُعامل كالمحتوى الأصلي المُختار حتى تمرير المالك.
NEW,NEEDS_REVIEW,fast-answer,أسرع إجابة,series,مسلسلات,series-dark,question,ما المسلسل الألماني عن السفر عبر الزمن في بلدة وندن؟,Dark | دارك,NEW. أضعف شهرة في مجموعة حفلات خليجية عامة من الكتالوج الأصلي.
NEW,NEEDS_REVIEW,fast-answer,أسرع إجابة,series,مسلسلات,series-black-mirror,question,ما المسلسل ذو الحلقات المنفصلة عن التقنية والمستقبل المظلم؟,Black Mirror | بلاك ميرور,NEW. لم يُراجع بشريًا بعد. لا يُعامل كالمحتوى الأصلي المُختار حتى تمرير المالك.
NEW,NEEDS_REVIEW,fast-answer,أسرع إجابة,series,مسلسلات,series-arcane,question,في أي مسلسل تظهر جينكس وفاين من عالم League of Legends؟,Arcane | أركين,NEW. أضعف شهرة في مجموعة حفلات خليجية عامة من الكتالوج الأصلي.
NEW,NEEDS_REVIEW,fast-answer,أسرع إجابة,series,مسلسلات,series-bear,question,في أي مسلسل يدير كارمي مطعم سندويتشات في شيكاغو؟,The Bear | ذا بير,NEW. أضعف شهرة في مجموعة حفلات خليجية عامة من الكتالوج الأصلي.
NEW,NEEDS_REVIEW,fast-answer,أسرع إجابة,series,مسلسلات,series-succession,question,في أي مسلسل تتصارع عائلة روي على إمبراطورية إعلامية؟,Succession | سكسيشن,NEW. أضعف شهرة في مجموعة حفلات خليجية عامة من الكتالوج الأصلي.
NEW,FIX,fast-answer,أسرع إجابة,series,مسلسلات,series-eleven,question,ما اسم الفتاة ذات القدرات في Stranger Things؟,Eleven | إلسن,NEW. النقحرة «إلسن» غير طبيعية لـ Eleven؛ المتوقع إليفن/إلفن.
NEW,KEEP,fast-answer,أسرع إجابة,series,مسلسلات,series-daenerys,question,من هي أم التنانين في Game of Thrones؟,Daenerys | دينيريس | Khaleesi,NEW. عنصر قوي مبدئيًا (واضح، شائع، أو خليجي مميز). ليس توقيعًا نهائيًا — أقل ثقة من الأصل.
NEW,NEEDS_REVIEW,fast-answer,أسرع إجابة,series,مسلسلات,series-professor,question,ما الاسم الرمزي لقائد السرقة في Money Heist؟,Professor | البروفيسور,NEW. لم يُراجع بشريًا بعد. لا يُعامل كالمحتوى الأصلي المُختار حتى تمرير المالك.
NEW,NEEDS_REVIEW,fast-answer,أسرع إجابة,series,مسلسلات,series-peaky-city,question,في أي مدينة بريطانية تدور أحداث Peaky Blinders؟,Birmingham | برمنغهام,NEW. برمنغهام أصعب من السؤال عن المسلسل، وقد تُخلط مع لندن.
NEW,NEEDS_REVIEW,fast-answer,أسرع إجابة,series,مسلسلات,series-walkers,question,كيف يُسمّى الزومبي غالبًا في The Walking Dead؟,Walkers | الووكرز,NEW. لم يُراجع بشريًا بعد. لا يُعامل كالمحتوى الأصلي المُختار حتى تمرير المالك.
NEW,NEEDS_REVIEW,fast-answer,أسرع إجابة,series,مسلسلات,series-baker-street,question,ما عنوان منزل شيرلوك هولمز الشهير؟,221B Baker Street | بيكر ستريت,NEW. 221B صعب الكتابة في 15 ثانية.
NEW,NEEDS_REVIEW,fast-answer,أسرع إجابة,series,مسلسلات,series-narcos-country,question,في أي دولة تبدأ أحداث Narcos مع إسكوبار؟,كولومبيا | Colombia,NEW. لم يُراجع بشريًا بعد. لا يُعامل كالمحتوى الأصلي المُختار حتى تمرير المالك.
NEW,FIX,fast-answer,أسرع إجابة,series,مسلسلات,series-house-md,question,في أي مسلسل يظهر الطبيب الساخر غريغوري هاوس؟,House | House MD | هاوس,NEW. نص السؤال يحتوي الإجابة بعد التطبيع.
NEW,NEEDS_REVIEW,fast-answer,أسرع إجابة,series,مسلسلات,series-crown,question,ما مسلسل نتفليكس عن العائلة الملكية البريطانية؟,The Crown | ذا كراون,NEW. أضعف شهرة في مجموعة حفلات خليجية عامة من الكتالوج الأصلي.
NEW,NEEDS_REVIEW,fast-answer,أسرع إجابة,series,مسلسلات,series-mando,question,ما اسم صياد الجوائز في مسلسل ستار وورز مع غروغو؟,The Mandalorian | ماندلوريان,NEW. «غروغو» تلميح قوي جدًا.
NEW,NEEDS_REVIEW,fast-answer,أسرع إجابة,series,مسلسلات,series-nevermore,question,ما اسم مدرسة وينزداي في مسلسل Wednesday؟,Nevermore | نيفرمور,NEW. يذكر Wednesday ثم يسأل عن المدرسة — لمعجبين فقط.
NEW,NEEDS_REVIEW,fast-answer,أسرع إجابة,series,مسلسلات,series-ted-lasso,question,في أي مسلسل يدرب مدرب أمريكي فريق كرة إنجليزي؟,Ted Lasso | تيد لاسو,NEW. لم يُراجع بشريًا بعد. لا يُعامل كالمحتوى الأصلي المُختار حتى تمرير المالك.
ORIGINAL,KEEP,fast-answer,أسرع إجابة,games,ألعاب,games-1,question,في أي لعبة يظهر شخصية Steve؟,Minecraft | ماينكرافت,ORIGINAL. من المحتوى المُراجع سابقًا؛ لا توجد علة واضحة تستدعي الحذف.
ORIGINAL,KEEP,fast-answer,أسرع إجابة,games,ألعاب,games-2,question,ما لعبة الباتل رويال التي تشتهر بخريطة إيرنغل والنزول من طائرة؟,PUBG | ببجي | PlayerUnknown's Battlegrounds,"ORIGINAL ID, replaced wording. إيرنغل + الطائرة يميّزان PUBG عن باقي الباتل رويال."
ORIGINAL,KEEP,fast-answer,أسرع إجابة,games,ألعاب,games-3,question,في أي لعبة توجد مدينة Los Santos؟,GTA V | GTA 5 | قراند 5 | Grand Theft Auto V,ORIGINAL. من المحتوى المُراجع سابقًا؛ لا توجد علة واضحة تستدعي الحذف.
ORIGINAL,KEEP,fast-answer,أسرع إجابة,games,ألعاب,games-4,question,ما اسم لعبة السيارات التي تلعب فيها كرة قدم بالسيارات؟,Rocket League | روكيت ليق | روكيت ليغ,ORIGINAL. من المحتوى المُراجع سابقًا؛ لا توجد علة واضحة تستدعي الحذف.
ORIGINAL,KEEP,fast-answer,أسرع إجابة,games,ألعاب,games-5,question,في أي لعبة يظهر العميل Jett؟,Valorant | فالورانت,ORIGINAL. من المحتوى المُراجع سابقًا؛ لا توجد علة واضحة تستدعي الحذف.
ORIGINAL,KEEP,fast-answer,أسرع إجابة,games,ألعاب,games-6,question,ما اسم لعبة التصويب الشهيرة التي تحتوي على خرائط مثل Dust II؟,Counter-Strike | كاونتر سترايك | CS | CS2,ORIGINAL. من المحتوى المُراجع سابقًا؛ لا توجد علة واضحة تستدعي الحذف.
ORIGINAL,KEEP,fast-answer,أسرع إجابة,games,ألعاب,games-7,question,في أي لعبة يظهر البطل Tracer؟,Overwatch | أوفرواتش,ORIGINAL. من المحتوى المُراجع سابقًا؛ لا توجد علة واضحة تستدعي الحذف.
ORIGINAL,KEEP,fast-answer,أسرع إجابة,games,ألعاب,games-8,question,ما اسم اللعبة التي يكون فيها بعض اللاعبين Impostors؟,Among Us | امونغ اس,ORIGINAL. من المحتوى المُراجع سابقًا؛ لا توجد علة واضحة تستدعي الحذف.
ORIGINAL,KEEP,fast-answer,أسرع إجابة,games,ألعاب,games-9,question,في أي لعبة يظهر Joel وEllie؟,The Last of Us | ذا لاست أوف أس,ORIGINAL. من المحتوى المُراجع سابقًا؛ لا توجد علة واضحة تستدعي الحذف.
ORIGINAL,KEEP,fast-answer,أسرع إجابة,games,ألعاب,games-10,question,ما اسم لعبة العالم المفتوح التي بطلها Arthur Morgan؟,Red Dead Redemption 2 | ريد ديد 2 | RDR2,ORIGINAL. من المحتوى المُراجع سابقًا؛ لا توجد علة واضحة تستدعي الحذف.
ORIGINAL,KEEP,fast-answer,أسرع إجابة,games,ألعاب,games-11,question,ما سلسلة ألعاب الرعب الشهيرة التي تحتوي على شخصيات مثل Leon Kennedy؟,Resident Evil | ريزدنت إيفل | رزدنت ايفل,ORIGINAL. من المحتوى المُراجع سابقًا؛ لا توجد علة واضحة تستدعي الحذف.
ORIGINAL,KEEP,fast-answer,أسرع إجابة,games,ألعاب,games-12,question,في أي سلسلة ألعاب يظهر Ezio Auditore؟,Assassin’s Creed | اساسنز كريد,ORIGINAL. من المحتوى المُراجع سابقًا؛ لا توجد علة واضحة تستدعي الحذف.
ORIGINAL,KEEP,fast-answer,أسرع إجابة,games,ألعاب,games-13,question,ما اسم سلسلة الألعاب التي بطلها Kratos؟,God of War | قاد أوف وور | جاد أوف وور,ORIGINAL. من المحتوى المُراجع سابقًا؛ لا توجد علة واضحة تستدعي الحذف.
ORIGINAL,KEEP,fast-answer,أسرع إجابة,games,ألعاب,games-14,question,في أي لعبة يظهر عالم The Lands Between؟,Elden Ring | إلدن رينغ | الدن رينق,ORIGINAL. من المحتوى المُراجع سابقًا؛ لا توجد علة واضحة تستدعي الحذف.
ORIGINAL,KEEP,fast-answer,أسرع إجابة,games,ألعاب,games-15,question,ما اسم اللعبة التي تحتوي على شخصيات مثل Iron Man وSpider-Man وDoctor Strange في مواجهات جماعية؟,Marvel Rivals | مارفل رايفلز | مارفل ريفالز,ORIGINAL. من المحتوى المُراجع سابقًا؛ لا توجد علة واضحة تستدعي الحذف.
ORIGINAL,KEEP,fast-answer,أسرع إجابة,games,ألعاب,games-16,question,ما اسم لعبة كرة القدم التي كانت تصدر سابقًا باسم FIFA وأصبحت EA Sports FC؟,EA Sports FC | EA FC | فيفا | FIFA,ORIGINAL. من المحتوى المُراجع سابقًا؛ لا توجد علة واضحة تستدعي الحذف.
ORIGINAL,KEEP,fast-answer,أسرع إجابة,games,ألعاب,games-17,question,في أي لعبة يظهر بطل اسمه Geralt؟,The Witcher 3 | ويتشر 3 | The Witcher,ORIGINAL. من المحتوى المُراجع سابقًا؛ لا توجد علة واضحة تستدعي الحذف.
ORIGINAL,KEEP,fast-answer,أسرع إجابة,games,ألعاب,games-18,question,ما اسم لعبة الباتل رويال الشهيرة من Epic Games؟,Fortnite | فورتنايت,ORIGINAL. من المحتوى المُراجع سابقًا؛ لا توجد علة واضحة تستدعي الحذف.
ORIGINAL,KEEP,fast-answer,أسرع إجابة,games,ألعاب,games-19,question,ما اسم لعبة التصويب التي تحتوي على طور Warzone؟,Call of Duty | كول أوف ديوتي | COD,ORIGINAL. من المحتوى المُراجع سابقًا؛ لا توجد علة واضحة تستدعي الحذف.
ORIGINAL,KEEP,fast-answer,أسرع إجابة,games,ألعاب,games-20,question,ما اسم لعبة Spider-Man الشهيرة من Insomniac؟,Marvel’s Spider-Man | Spider-Man | سبايدرمان,ORIGINAL. من المحتوى المُراجع سابقًا؛ لا توجد علة واضحة تستدعي الحذف.
NEW,FIX,fast-answer,أسرع إجابة,games,ألعاب,games-mario,question,في أي سلسلة يظهر السباك ذو القبعة الحمراء ماريو؟,Super Mario | Mario | ماريو,NEW. السؤال يذكر «ماريو» صراحة. الإجابة مكشوفة.
NEW,KEEP,fast-answer,أسرع إجابة,games,ألعاب,games-zelda,question,ما السلسلة التي يستخدم فيها لينك السيف والدرع غالبًا؟,The Legend of Zelda | Zelda | زيلدا,NEW. عنصر قوي مبدئيًا (واضح، شائع، أو خليجي مميز). ليس توقيعًا نهائيًا — أقل ثقة من الأصل.
NEW,KEEP,fast-answer,أسرع إجابة,games,ألعاب,games-pokemon,question,ما السلسلة التي تلتقط فيها مخلوقات وتجعلها تقاتل؟,Pokemon | بوكيمون,NEW. عنصر قوي مبدئيًا (واضح، شائع، أو خليجي مميز). ليس توقيعًا نهائيًا — أقل ثقة من الأصل.
NEW,KEEP,fast-answer,أسرع إجابة,games,ألعاب,games-roblox,question,ما المنصة التي يبني فيها اللاعبون ألعابًا بشخصيات مكعبة؟,Roblox | روبلوكس,NEW. عنصر قوي مبدئيًا (واضح، شائع، أو خليجي مميز). ليس توقيعًا نهائيًا — أقل ثقة من الأصل.
NEW,NEEDS_REVIEW,fast-answer,أسرع إجابة,games,ألعاب,games-free-fire,question,ما لعبة الباتل رويال الشهيرة على الجوال من Garena؟,Free Fire | فري فاير,NEW. لم يُراجع بشريًا بعد. لا يُعامل كالمحتوى الأصلي المُختار حتى تمرير المالك.
NEW,NEEDS_REVIEW,fast-answer,أسرع إجابة,games,ألعاب,games-clash,question,ما اللعبة التي تبني فيها قرية وتهاجم عشائر أخرى؟,Clash of Clans | كلاش أوف كلانس,NEW. لم يُراجع بشريًا بعد. لا يُعامل كالمحتوى الأصلي المُختار حتى تمرير المالك.
NEW,NEEDS_REVIEW,fast-answer,أسرع إجابة,games,ألعاب,games-lol,question,في أي لعبة تظهر شخصيات مثل Ahri وYasuo في معارك 5 ضد 5؟,League of Legends | LoL | لول,NEW. League of Legends أصلًا في ألعاب برا/تخمين؛ السؤال جيد لكن الفئة تضخمت بنفس العناوين.
NEW,NEEDS_REVIEW,fast-answer,أسرع إجابة,games,ألعاب,games-genshin,question,ما لعبة العالم المفتوح بأسلوب الأنمي من miHoYo؟,Genshin Impact | جينشن,NEW. أضعف شهرة في مجموعة حفلات خليجية عامة من الكتالوج الأصلي.
NEW,NEEDS_REVIEW,fast-answer,أسرع إجابة,games,ألعاب,games-tekken,question,ما سلسلة القتال اليابانية التي تشتهر بشخصية Jin؟,Tekken | تيكن,NEW. لم يُراجع بشريًا بعد. لا يُعامل كالمحتوى الأصلي المُختار حتى تمرير المالك.
NEW,KEEP,fast-answer,أسرع إجابة,games,ألعاب,games-tetris,question,ما اللعبة الكلاسيكية التي ترتب فيها قطعًا متساقطة؟,Tetris | تتريس,NEW. عنصر قوي مبدئيًا (واضح، شائع، أو خليجي مميز). ليس توقيعًا نهائيًا — أقل ثقة من الأصل.
NEW,KEEP,fast-answer,أسرع إجابة,games,ألعاب,games-pacman,question,ما الشخصية الصفراء التي تأكل النقاط وتهرب من أشباح؟,Pac-Man | باك مان,NEW. عنصر قوي مبدئيًا (واضح، شائع، أو خليجي مميز). ليس توقيعًا نهائيًا — أقل ثقة من الأصل.
NEW,FIX,fast-answer,أسرع إجابة,games,ألعاب,games-skyrim,question,في أي لعبة تصبح Dragonborn في إقليم Skyrim؟,Skyrim | سكايرم,NEW. السؤال يحتوي Skyrim. الإجابة مكشوفة.
NEW,NEAR_DUPLICATE,fast-answer,أسرع إجابة,games,ألعاب,games-efootball,question,ما لعبة كرة القدم من Konami التي كانت تُعرف بـ PES؟,eFootball | PES | بيس,NEW. نفس مفهوم كرة القدم الإلكترونية بجانب سؤال FIFA/EA FC الأصلي.
NEW,NEEDS_REVIEW,fast-answer,أسرع إجابة,games,ألعاب,games-subway,question,ما لعبة الجري على السكة وأنت تهرب من المفتش؟,Subway Surfers | سابواي سيرفرز,NEW. لم يُراجع بشريًا بعد. لا يُعامل كالمحتوى الأصلي المُختار حتى تمرير المالك.
NEW,NEEDS_REVIEW,fast-answer,أسرع إجابة,games,ألعاب,games-sims,question,ما اللعبة التي تبني فيها بيتًا وتدير حياة شخصيات يومية؟,The Sims | ذا سيمز,NEW. لم يُراجع بشريًا بعد. لا يُعامل كالمحتوى الأصلي المُختار حتى تمرير المالك.
NEW,KEEP,fast-answer,أسرع إجابة,games,ألعاب,games-valorant-spike,question,ما اسم القنبلة التي يزرعها المهاجمون في Valorant؟,Spike | السبايك,NEW. عنصر قوي مبدئيًا (واضح، شائع، أو خليجي مميز). ليس توقيعًا نهائيًا — أقل ثقة من الأصل.
NEW,NEEDS_REVIEW,fast-answer,أسرع إجابة,games,ألعاب,games-dark-souls,question,ما سلسلة الرولبلينغ الصعبة من FromSoftware قبل Elden Ring؟,Dark Souls | دارك سولز,NEW. يذكر FromSoftware وElden Ring؛ نيش بجانب إلدن رينغ الأصلي.
NEW,NEAR_DUPLICATE,fast-answer,أسرع إجابة,games,ألعاب,games-clash-royale,question,ما لعبة البطاقات من سوبرسال على ساحة ببرجين؟,Clash Royale | كلاش رويال,NEW. كلاش رويال بجانب سؤال Clash of Clans الجديد — نفس العائلة.
NEW,NEEDS_REVIEW,fast-answer,أسرع إجابة,games,ألعاب,games-candy-crush,question,ما لعبة الألغاز التي تطابق فيها الحلوى الملونة؟,Candy Crush | كاندي كراش,NEW. لم يُراجع بشريًا بعد. لا يُعامل كالمحتوى الأصلي المُختار حتى تمرير المالك.
NEW,NEEDS_REVIEW,fast-answer,أسرع إجابة,games,ألعاب,games-dota,question,ما لعبة الـ MOBA المنافسة للول من Valve؟,Dota 2 | دوتا,NEW. أضعف شهرة في مجموعة حفلات خليجية عامة من الكتالوج الأصلي.
ORIGINAL,KEEP,who-wrote-it,من كتبها؟,funny-situations,مواقف مضحكة,funny-situations-1,prompt,وش أغبى شيء سويته وأنت متأكد وقتها إنه فكرة ممتازة؟,,ORIGINAL. من المحتوى المُراجع سابقًا؛ لا توجد علة واضحة تستدعي الحذف.
ORIGINAL,KEEP,who-wrote-it,من كتبها؟,funny-situations,مواقف مضحكة,funny-situations-2,prompt,وش أكثر موقف ضحكت فيه بوقت المفروض ما تضحك؟,,ORIGINAL. من المحتوى المُراجع سابقًا؛ لا توجد علة واضحة تستدعي الحذف.
ORIGINAL,KEEP,who-wrote-it,من كتبها؟,funny-situations,مواقف مضحكة,funny-situations-3,prompt,وش أغرب عذر قد استخدمته عشان تلغي طلعة؟,,ORIGINAL. من المحتوى المُراجع سابقًا؛ لا توجد علة واضحة تستدعي الحذف.
ORIGINAL,KEEP,who-wrote-it,من كتبها؟,funny-situations,مواقف مضحكة,funny-situations-4,prompt,وش أسوأ طبخة أو مشروب حاولت تسويه؟,,ORIGINAL. من المحتوى المُراجع سابقًا؛ لا توجد علة واضحة تستدعي الحذف.
ORIGINAL,KEEP,who-wrote-it,من كتبها؟,funny-situations,مواقف مضحكة,funny-situations-5,prompt,وش أكثر مرة انقفطت وأنت تسوي شيء ما تبغى أحد يشوفه؟,,ORIGINAL. من المحتوى المُراجع سابقًا؛ لا توجد علة واضحة تستدعي الحذف.
ORIGINAL,KEEP,who-wrote-it,من كتبها؟,funny-situations,مواقف مضحكة,funny-situations-6,prompt,وش أغرب شيء اشتريته وندمت عليه؟,,ORIGINAL. من المحتوى المُراجع سابقًا؛ لا توجد علة واضحة تستدعي الحذف.
ORIGINAL,KEEP,who-wrote-it,من كتبها؟,funny-situations,مواقف مضحكة,funny-situations-7,prompt,وش أكثر موقف محرج صار لك قدام ناس كثير؟,,ORIGINAL. من المحتوى المُراجع سابقًا؛ لا توجد علة واضحة تستدعي الحذف.
ORIGINAL,KEEP,who-wrote-it,من كتبها؟,funny-situations,مواقف مضحكة,funny-situations-8,prompt,وش أغبى إصابة صارت لك؟,,ORIGINAL. من المحتوى المُراجع سابقًا؛ لا توجد علة واضحة تستدعي الحذف.
ORIGINAL,KEEP,who-wrote-it,من كتبها؟,funny-situations,مواقف مضحكة,funny-situations-9,prompt,وش أكثر شيء ضيعته بطريقة غبية؟,,ORIGINAL. من المحتوى المُراجع سابقًا؛ لا توجد علة واضحة تستدعي الحذف.
ORIGINAL,KEEP,who-wrote-it,من كتبها؟,funny-situations,مواقف مضحكة,funny-situations-10,prompt,وش أسوأ رسالة أرسلتها للشخص الغلط؟,,ORIGINAL. من المحتوى المُراجع سابقًا؛ لا توجد علة واضحة تستدعي الحذف.
ORIGINAL,KEEP,who-wrote-it,من كتبها؟,funny-situations,مواقف مضحكة,funny-situations-11,prompt,وش موقف حاولت تتصرف فيه طبيعي وأنت من داخلك منهار؟,,ORIGINAL. من المحتوى المُراجع سابقًا؛ لا توجد علة واضحة تستدعي الحذف.
ORIGINAL,KEEP,who-wrote-it,من كتبها؟,funny-situations,مواقف مضحكة,funny-situations-12,prompt,وش أغرب شيء صدقته وأنت صغير؟,,ORIGINAL. من المحتوى المُراجع سابقًا؛ لا توجد علة واضحة تستدعي الحذف.
ORIGINAL,KEEP,who-wrote-it,من كتبها؟,funny-situations,مواقف مضحكة,funny-situations-13,prompt,وش أكثر مرة دخلت مكان غلط بدون ما تنتبه؟,,ORIGINAL. من المحتوى المُراجع سابقًا؛ لا توجد علة واضحة تستدعي الحذف.
ORIGINAL,KEEP,who-wrote-it,من كتبها؟,funny-situations,مواقف مضحكة,funny-situations-14,prompt,وش أغرب حلم تتذكره؟,,ORIGINAL. من المحتوى المُراجع سابقًا؛ لا توجد علة واضحة تستدعي الحذف.
ORIGINAL,KEEP,who-wrote-it,من كتبها؟,funny-situations,مواقف مضحكة,funny-situations-15,prompt,وش أكثر شيء سويته عشان تطلع من موقف محرج؟,,ORIGINAL. من المحتوى المُراجع سابقًا؛ لا توجد علة واضحة تستدعي الحذف.
NEW,NEAR_DUPLICATE,who-wrote-it,من كتبها؟,funny-situations,مواقف مضحكة,funny-situations-16,prompt,وش أكثر مرة حاولت تصلح شيء وخرّبته أكثر؟,,NEW. إصلاح شيء وتخريبه قريب من funny-situations-1.
NEW,NEEDS_REVIEW,who-wrote-it,من كتبها؟,funny-situations,مواقف مضحكة,funny-situations-17,prompt,وش أغرب شيء لقيته في جيبك أو شنطتك؟,,NEW. نبرة مناسبة غالبًا، لكن الفئة الأصلية مبنية على قوالب متكررة (وش أسوأ / اخترع / عطنا / لو). تأكد أنه موقف جديد لا إعادة صياغة.
NEW,NEEDS_REVIEW,who-wrote-it,من كتبها؟,funny-situations,مواقف مضحكة,funny-situations-18,prompt,وش أسوأ توقيت رنّ فيه جوالك؟,,NEW. نبرة مناسبة غالبًا، لكن الفئة الأصلية مبنية على قوالب متكررة (وش أسوأ / اخترع / عطنا / لو). تأكد أنه موقف جديد لا إعادة صياغة.
NEW,NEEDS_REVIEW,who-wrote-it,من كتبها؟,funny-situations,مواقف مضحكة,funny-situations-19,prompt,وش أكثر مرة نمت نومة غلط وصحيت على وقت كارثي؟,,NEW. نبرة مناسبة غالبًا، لكن الفئة الأصلية مبنية على قوالب متكررة (وش أسوأ / اخترع / عطنا / لو). تأكد أنه موقف جديد لا إعادة صياغة.
NEW,NEEDS_REVIEW,who-wrote-it,من كتبها؟,funny-situations,مواقف مضحكة,funny-situations-20,prompt,وش شيء انحرجت تطلبه من النادل؟,,NEW. نبرة مناسبة غالبًا، لكن الفئة الأصلية مبنية على قوالب متكررة (وش أسوأ / اخترع / عطنا / لو). تأكد أنه موقف جديد لا إعادة صياغة.
NEW,NEEDS_REVIEW,who-wrote-it,من كتبها؟,funny-situations,مواقف مضحكة,funny-situations-21,prompt,وش أغرب رسالة أو إعلان وصل لجوالك؟,,NEW. نبرة مناسبة غالبًا، لكن الفئة الأصلية مبنية على قوالب متكررة (وش أسوأ / اخترع / عطنا / لو). تأكد أنه موقف جديد لا إعادة صياغة.
NEW,NEEDS_REVIEW,who-wrote-it,من كتبها؟,funny-situations,مواقف مضحكة,funny-situations-22,prompt,وش أكثر مرة توهّمت إن أحد يكلمك وهو يكلم غيرك؟,,NEW. نبرة مناسبة غالبًا، لكن الفئة الأصلية مبنية على قوالب متكررة (وش أسوأ / اخترع / عطنا / لو). تأكد أنه موقف جديد لا إعادة صياغة.
NEW,NEEDS_REVIEW,who-wrote-it,من كتبها؟,funny-situations,مواقف مضحكة,funny-situations-23,prompt,وش موقف انحبست فيه في المصعد أو الحمّام؟,,NEW. نبرة مناسبة غالبًا، لكن الفئة الأصلية مبنية على قوالب متكررة (وش أسوأ / اخترع / عطنا / لو). تأكد أنه موقف جديد لا إعادة صياغة.
NEW,KEEP,who-wrote-it,من كتبها؟,funny-situations,مواقف مضحكة,funny-situations-24,prompt,وش أغبى شيء سويته وأنت تصوّر ستوري؟,,NEW. موقف مميز عن الأصل؛ يبقى أقل ثقة من المحتوى المُراجع حتى تمرير المالك.
NEW,NEEDS_REVIEW,who-wrote-it,من كتبها؟,funny-situations,مواقف مضحكة,funny-situations-25,prompt,وش أكثر مرة قلت بحضر خمس دقايق وصارت ساعة؟,,NEW. نبرة مناسبة غالبًا، لكن الفئة الأصلية مبنية على قوالب متكررة (وش أسوأ / اخترع / عطنا / لو). تأكد أنه موقف جديد لا إعادة صياغة.
NEW,NEEDS_REVIEW,who-wrote-it,من كتبها؟,funny-situations,مواقف مضحكة,funny-situations-26,prompt,وش أغرب أكلة طلبتها وأنت مو جوعان أصلًا؟,,NEW. نبرة مناسبة غالبًا، لكن الفئة الأصلية مبنية على قوالب متكررة (وش أسوأ / اخترع / عطنا / لو). تأكد أنه موقف جديد لا إعادة صياغة.
NEW,NEEDS_REVIEW,who-wrote-it,من كتبها؟,funny-situations,مواقف مضحكة,funny-situations-27,prompt,وش موقف ردّيت فيه على الناس وأنت بين النوم والصحى؟,,NEW. نبرة مناسبة غالبًا، لكن الفئة الأصلية مبنية على قوالب متكررة (وش أسوأ / اخترع / عطنا / لو). تأكد أنه موقف جديد لا إعادة صياغة.
NEW,KEEP,who-wrote-it,من كتبها؟,funny-situations,مواقف مضحكة,funny-situations-28,prompt,وش أكثر مرة ضاعت منك السيارة في موقف؟,,NEW. موقف مميز عن الأصل؛ يبقى أقل ثقة من المحتوى المُراجع حتى تمرير المالك.
NEW,NEEDS_REVIEW,who-wrote-it,من كتبها؟,funny-situations,مواقف مضحكة,funny-situations-29,prompt,وش أغرب كذبة انفضحت من أول جملة؟,,NEW. نبرة مناسبة غالبًا، لكن الفئة الأصلية مبنية على قوالب متكررة (وش أسوأ / اخترع / عطنا / لو). تأكد أنه موقف جديد لا إعادة صياغة.
NEW,NEEDS_REVIEW,who-wrote-it,من كتبها؟,funny-situations,مواقف مضحكة,funny-situations-30,prompt,وش أكثر مرة انغمرت بالماء وأنت لابس ثيابك؟,,NEW. نبرة مناسبة غالبًا، لكن الفئة الأصلية مبنية على قوالب متكررة (وش أسوأ / اخترع / عطنا / لو). تأكد أنه موقف جديد لا إعادة صياغة.
ORIGINAL,KEEP,who-wrote-it,من كتبها؟,confessions,اعترافات,confessions-1,prompt,وش عادة عندك تعرف إنها مزعجة بس ما وقفتها؟,,ORIGINAL. من المحتوى المُراجع سابقًا؛ لا توجد علة واضحة تستدعي الحذف.
ORIGINAL,KEEP,who-wrote-it,من كتبها؟,confessions,اعترافات,confessions-2,prompt,وش شيء تدّعي إنك تعرفه وأنت فعليًا ما تعرف عنه شيء؟,,ORIGINAL. من المحتوى المُراجع سابقًا؛ لا توجد علة واضحة تستدعي الحذف.
ORIGINAL,KEEP,who-wrote-it,من كتبها؟,confessions,اعترافات,confessions-3,prompt,وش أكثر شيء تسوّف فيه دائمًا؟,,ORIGINAL. من المحتوى المُراجع سابقًا؛ لا توجد علة واضحة تستدعي الحذف.
ORIGINAL,KEEP,who-wrote-it,من كتبها؟,confessions,اعترافات,confessions-4,prompt,وش شيء اشتريته بس عشان الناس تمدحه؟,,ORIGINAL. من المحتوى المُراجع سابقًا؛ لا توجد علة واضحة تستدعي الحذف.
ORIGINAL,KEEP,who-wrote-it,من كتبها؟,confessions,اعترافات,confessions-5,prompt,وش آخر كذبة بيضاء قلتها؟,,ORIGINAL. من المحتوى المُراجع سابقًا؛ لا توجد علة واضحة تستدعي الحذف.
ORIGINAL,KEEP,who-wrote-it,من كتبها؟,confessions,اعترافات,confessions-6,prompt,وش شيء تحكم على الناس عليه بسرعة؟,,ORIGINAL. من المحتوى المُراجع سابقًا؛ لا توجد علة واضحة تستدعي الحذف.
ORIGINAL,KEEP,who-wrote-it,من كتبها؟,confessions,اعترافات,confessions-7,prompt,وش أكثر تطبيق تفتحه بدون سبب؟,,ORIGINAL. من المحتوى المُراجع سابقًا؛ لا توجد علة واضحة تستدعي الحذف.
ORIGINAL,KEEP,who-wrote-it,من كتبها؟,confessions,اعترافات,confessions-8,prompt,وش شيء مستحيل تعترف فيه بسهولة قدام أهلك؟,,ORIGINAL. من المحتوى المُراجع سابقًا؛ لا توجد علة واضحة تستدعي الحذف.
ORIGINAL,KEEP,who-wrote-it,من كتبها؟,confessions,اعترافات,confessions-9,prompt,وش عادة طفولية للحين تسويها؟,,ORIGINAL. من المحتوى المُراجع سابقًا؛ لا توجد علة واضحة تستدعي الحذف.
ORIGINAL,KEEP,who-wrote-it,من كتبها؟,confessions,اعترافات,confessions-10,prompt,وش شيء تقول إنك ما تهتم فيه لكن فعليًا يفرق معك؟,,ORIGINAL. من المحتوى المُراجع سابقًا؛ لا توجد علة واضحة تستدعي الحذف.
ORIGINAL,KEEP,who-wrote-it,من كتبها؟,confessions,اعترافات,confessions-11,prompt,وش أكثر شيء تضيع وقتك فيه؟,,ORIGINAL. من المحتوى المُراجع سابقًا؛ لا توجد علة واضحة تستدعي الحذف.
ORIGINAL,KEEP,who-wrote-it,من كتبها؟,confessions,اعترافات,confessions-12,prompt,وش شيء مرة بالغت فيه عشان تطلع بصورة أفضل؟,,ORIGINAL. من المحتوى المُراجع سابقًا؛ لا توجد علة واضحة تستدعي الحذف.
ORIGINAL,KEEP,who-wrote-it,من كتبها؟,confessions,اعترافات,confessions-13,prompt,وش شيء تخاف أحد يفتح جوالك ويشوفه؟,,ORIGINAL. من المحتوى المُراجع سابقًا؛ لا توجد علة واضحة تستدعي الحذف.
ORIGINAL,KEEP,who-wrote-it,من كتبها؟,confessions,اعترافات,confessions-14,prompt,وش أكثر شيء تقول ببدأ بكرة عنه؟,,ORIGINAL. تسويف «بكرة» مختلف بما يكفي عن «أكثر شيء تسوّف فيه».
ORIGINAL,KEEP,who-wrote-it,من كتبها؟,confessions,اعترافات,confessions-15,prompt,وش رأي عندك غالبًا ما تقوله بصوت عالي؟,,ORIGINAL. من المحتوى المُراجع سابقًا؛ لا توجد علة واضحة تستدعي الحذف.
NEW,NEEDS_REVIEW,who-wrote-it,من كتبها؟,confessions,اعترافات,confessions-16,prompt,وش شيء تعيد مشاهدته وأنت عارف نهايته؟,,NEW. نبرة مناسبة غالبًا، لكن الفئة الأصلية مبنية على قوالب متكررة (وش أسوأ / اخترع / عطنا / لو). تأكد أنه موقف جديد لا إعادة صياغة.
NEW,NEAR_DUPLICATE,who-wrote-it,من كتبها؟,confessions,اعترافات,confessions-17,prompt,وش أكثر شيء تسويه وأنت تقول للناس إنك مشغول؟,,NEW. ادّعاء الانشغال قريب من confessions-11 و-3.
NEW,NEEDS_REVIEW,who-wrote-it,من كتبها؟,confessions,اعترافات,confessions-18,prompt,وش عادة أكل عندك ما تبي أحد يعرف كميتها؟,,NEW. نبرة مناسبة غالبًا، لكن الفئة الأصلية مبنية على قوالب متكررة (وش أسوأ / اخترع / عطنا / لو). تأكد أنه موقف جديد لا إعادة صياغة.
NEW,KEEP,who-wrote-it,من كتبها؟,confessions,اعترافات,confessions-19,prompt,وش إشعار تخاف يطلع وأنت مع ناس؟,,NEW. موقف مميز عن الأصل؛ يبقى أقل ثقة من المحتوى المُراجع حتى تمرير المالك.
NEW,NEEDS_REVIEW,who-wrote-it,من كتبها؟,confessions,اعترافات,confessions-20,prompt,وش شيء حفظته غصب لأن الكل يتكلم عنه؟,,NEW. نبرة مناسبة غالبًا، لكن الفئة الأصلية مبنية على قوالب متكررة (وش أسوأ / اخترع / عطنا / لو). تأكد أنه موقف جديد لا إعادة صياغة.
NEW,NEAR_DUPLICATE,who-wrote-it,من كتبها؟,confessions,اعترافات,confessions-21,prompt,وش أكثر شيء تؤجّله لين يصير أزمة؟,,NEW. التأجيل حتى الأزمة قريب من confessions-3 (تسويف) و-14 (بكرة).
NEW,NEEDS_REVIEW,who-wrote-it,من كتبها؟,confessions,اعترافات,confessions-22,prompt,وش رأي غيّرته بس ما اعترفت للناس؟,,NEW. نبرة مناسبة غالبًا، لكن الفئة الأصلية مبنية على قوالب متكررة (وش أسوأ / اخترع / عطنا / لو). تأكد أنه موقف جديد لا إعادة صياغة.
NEW,NEEDS_REVIEW,who-wrote-it,من كتبها؟,confessions,اعترافات,confessions-23,prompt,وش شيء تشتريه وتخبيه قبل ما أحد يشوفه؟,,NEW. نبرة مناسبة غالبًا، لكن الفئة الأصلية مبنية على قوالب متكررة (وش أسوأ / اخترع / عطنا / لو). تأكد أنه موقف جديد لا إعادة صياغة.
NEW,NEEDS_REVIEW,who-wrote-it,من كتبها؟,confessions,اعترافات,confessions-24,prompt,وش اسم تحفظه غلط من سنين وما صححته؟,,NEW. نبرة مناسبة غالبًا، لكن الفئة الأصلية مبنية على قوالب متكررة (وش أسوأ / اخترع / عطنا / لو). تأكد أنه موقف جديد لا إعادة صياغة.
NEW,NEEDS_REVIEW,who-wrote-it,من كتبها؟,confessions,اعترافات,confessions-25,prompt,وش أكثر شيء تسويه في السيارة وأنت لحالك؟,,NEW. نبرة مناسبة غالبًا، لكن الفئة الأصلية مبنية على قوالب متكررة (وش أسوأ / اخترع / عطنا / لو). تأكد أنه موقف جديد لا إعادة صياغة.
NEW,NEAR_DUPLICATE,who-wrote-it,من كتبها؟,confessions,اعترافات,confessions-26,prompt,وش شيء تدّعي إنك تكرهه وأنت تحبه؟,,NEW. تدّعي أنك تكرهه وأنت تحبه قريب من confessions-10.
NEW,NEEDS_REVIEW,who-wrote-it,من كتبها؟,confessions,اعترافات,confessions-27,prompt,وش أكثر شيء تكتسه تحت السجادة في بيتك؟,,NEW. نبرة مناسبة غالبًا، لكن الفئة الأصلية مبنية على قوالب متكررة (وش أسوأ / اخترع / عطنا / لو). تأكد أنه موقف جديد لا إعادة صياغة.
NEW,NEEDS_REVIEW,who-wrote-it,من كتبها؟,confessions,اعترافات,confessions-28,prompt,وش عادة قبل النوم ما تقدر تتركها؟,,NEW. نبرة مناسبة غالبًا، لكن الفئة الأصلية مبنية على قوالب متكررة (وش أسوأ / اخترع / عطنا / لو). تأكد أنه موقف جديد لا إعادة صياغة.
NEW,NEAR_DUPLICATE,who-wrote-it,من كتبها؟,confessions,اعترافات,confessions-29,prompt,وش شيء تفتحه في الجوال أول ما تصحى؟,,NEW. أول شيء تفتحه في الجوال قريب من confessions-7.
NEW,NEEDS_REVIEW,who-wrote-it,من كتبها؟,confessions,اعترافات,confessions-30,prompt,وش كذبة صغيرة تعيش عليها في المجالس؟,,NEW. نبرة مناسبة غالبًا، لكن الفئة الأصلية مبنية على قوالب متكررة (وش أسوأ / اخترع / عطنا / لو). تأكد أنه موقف جديد لا إعادة صياغة.
ORIGINAL,KEEP,who-wrote-it,من كتبها؟,light-personal,أسئلة شخصية خفيفة,light-personal-1,prompt,وش أكثر شيء يرفع مزاجك بسرعة؟,,ORIGINAL. من المحتوى المُراجع سابقًا؛ لا توجد علة واضحة تستدعي الحذف.
ORIGINAL,KEEP,who-wrote-it,من كتبها؟,light-personal,أسئلة شخصية خفيفة,light-personal-2,prompt,وش مكان تقدر تجلس فيه ساعات بدون ما تمل؟,,ORIGINAL. من المحتوى المُراجع سابقًا؛ لا توجد علة واضحة تستدعي الحذف.
ORIGINAL,KEEP,who-wrote-it,من كتبها؟,light-personal,أسئلة شخصية خفيفة,light-personal-3,prompt,وش أكثر صفة تحبها في أصحابك؟,,ORIGINAL. من المحتوى المُراجع سابقًا؛ لا توجد علة واضحة تستدعي الحذف.
ORIGINAL,KEEP,who-wrote-it,من كتبها؟,light-personal,أسئلة شخصية خفيفة,light-personal-4,prompt,وش شيء بسيط يزعجك بشكل مبالغ؟,,ORIGINAL. من المحتوى المُراجع سابقًا؛ لا توجد علة واضحة تستدعي الحذف.
ORIGINAL,KEEP,who-wrote-it,من كتبها؟,light-personal,أسئلة شخصية خفيفة,light-personal-5,prompt,وش أكثر شيء تسويه إذا طفشت؟,,ORIGINAL. من المحتوى المُراجع سابقًا؛ لا توجد علة واضحة تستدعي الحذف.
ORIGINAL,KEEP,who-wrote-it,من كتبها؟,light-personal,أسئلة شخصية خفيفة,light-personal-6,prompt,وش أفضل وقت في اليوم بالنسبة لك؟,,ORIGINAL. من المحتوى المُراجع سابقًا؛ لا توجد علة واضحة تستدعي الحذف.
ORIGINAL,KEEP,who-wrote-it,من كتبها؟,light-personal,أسئلة شخصية خفيفة,light-personal-7,prompt,وش شيء نفسك تتعلمه قريب؟,,ORIGINAL. من المحتوى المُراجع سابقًا؛ لا توجد علة واضحة تستدعي الحذف.
ORIGINAL,KEEP,who-wrote-it,من كتبها؟,light-personal,أسئلة شخصية خفيفة,light-personal-8,prompt,وش أكثر أكلة ممكن تأكلها أكثر من مرة بالأسبوع؟,,ORIGINAL. من المحتوى المُراجع سابقًا؛ لا توجد علة واضحة تستدعي الحذف.
ORIGINAL,KEEP,who-wrote-it,من كتبها؟,light-personal,أسئلة شخصية خفيفة,light-personal-9,prompt,وش نوع الطلعات اللي تفضلها؟,,ORIGINAL. من المحتوى المُراجع سابقًا؛ لا توجد علة واضحة تستدعي الحذف.
ORIGINAL,KEEP,who-wrote-it,من كتبها؟,light-personal,أسئلة شخصية خفيفة,light-personal-10,prompt,وش شيء صغير ممكن يخرب يومك؟,,ORIGINAL. من المحتوى المُراجع سابقًا؛ لا توجد علة واضحة تستدعي الحذف.
ORIGINAL,KEEP,who-wrote-it,من كتبها؟,light-personal,أسئلة شخصية خفيفة,light-personal-11,prompt,وش أكثر شيء يحمسك للسفر؟,,ORIGINAL. من المحتوى المُراجع سابقًا؛ لا توجد علة واضحة تستدعي الحذف.
ORIGINAL,KEEP,who-wrote-it,من كتبها؟,light-personal,أسئلة شخصية خفيفة,light-personal-12,prompt,وش شيء تتمنى الناس تفهمه عنك بدون ما تشرحه؟,,ORIGINAL. من المحتوى المُراجع سابقًا؛ لا توجد علة واضحة تستدعي الحذف.
ORIGINAL,KEEP,who-wrote-it,من كتبها؟,light-personal,أسئلة شخصية خفيفة,light-personal-13,prompt,وش أفضل هدية ممكن أحد يعطيك إياها؟,,ORIGINAL. من المحتوى المُراجع سابقًا؛ لا توجد علة واضحة تستدعي الحذف.
ORIGINAL,KEEP,who-wrote-it,من كتبها؟,light-personal,أسئلة شخصية خفيفة,light-personal-14,prompt,وش شيء مستحيل تتنازل عنه في يومك؟,,ORIGINAL. من المحتوى المُراجع سابقًا؛ لا توجد علة واضحة تستدعي الحذف.
ORIGINAL,KEEP,who-wrote-it,من كتبها؟,light-personal,أسئلة شخصية خفيفة,light-personal-15,prompt,وش الشيء اللي لو اختفى من حياتك أسبوع بتتضايق جدًا؟,,ORIGINAL. من المحتوى المُراجع سابقًا؛ لا توجد علة واضحة تستدعي الحذف.
NEW,KEEP,who-wrote-it,من كتبها؟,light-personal,أسئلة شخصية خفيفة,light-personal-16,prompt,وش أغنية ترجعك لسنة معينة فورًا؟,,NEW. موقف مميز عن الأصل؛ يبقى أقل ثقة من المحتوى المُراجع حتى تمرير المالك.
NEW,NEEDS_REVIEW,who-wrote-it,من كتبها؟,light-personal,أسئلة شخصية خفيفة,light-personal-17,prompt,وش رائحة تعتبرها راحة بيت؟,,NEW. نبرة مناسبة غالبًا، لكن الفئة الأصلية مبنية على قوالب متكررة (وش أسوأ / اخترع / عطنا / لو). تأكد أنه موقف جديد لا إعادة صياغة.
NEW,NEEDS_REVIEW,who-wrote-it,من كتبها؟,light-personal,أسئلة شخصية خفيفة,light-personal-18,prompt,وش أكثر فصل في السنة يناسبك؟,,NEW. نبرة مناسبة غالبًا، لكن الفئة الأصلية مبنية على قوالب متكررة (وش أسوأ / اخترع / عطنا / لو). تأكد أنه موقف جديد لا إعادة صياغة.
NEW,NEEDS_REVIEW,who-wrote-it,من كتبها؟,light-personal,أسئلة شخصية خفيفة,light-personal-19,prompt,وش شيء تشتريه دائمًا إذا دخلت البقالة؟,,NEW. نبرة مناسبة غالبًا، لكن الفئة الأصلية مبنية على قوالب متكررة (وش أسوأ / اخترع / عطنا / لو). تأكد أنه موقف جديد لا إعادة صياغة.
NEW,NEEDS_REVIEW,who-wrote-it,من كتبها؟,light-personal,أسئلة شخصية خفيفة,light-personal-20,prompt,وش نوع الأفلام اللي تفضّلها إذا كنت تعبان؟,,NEW. نبرة مناسبة غالبًا، لكن الفئة الأصلية مبنية على قوالب متكررة (وش أسوأ / اخترع / عطنا / لو). تأكد أنه موقف جديد لا إعادة صياغة.
NEW,NEEDS_REVIEW,who-wrote-it,من كتبها؟,light-personal,أسئلة شخصية خفيفة,light-personal-21,prompt,وش مكان في مدينتك تودّي فيه ضيف أول مرة؟,,NEW. نبرة مناسبة غالبًا، لكن الفئة الأصلية مبنية على قوالب متكررة (وش أسوأ / اخترع / عطنا / لو). تأكد أنه موقف جديد لا إعادة صياغة.
NEW,NEAR_DUPLICATE,who-wrote-it,من كتبها؟,light-personal,أسئلة شخصية خفيفة,light-personal-22,prompt,وش عادة صباحية ما تمشي يومك بدونها؟,,NEW. عادة صباحية قريبة من light-personal-14 (شيء لا تتنازل عنه في يومك).
NEW,NEAR_DUPLICATE,who-wrote-it,من كتبها؟,light-personal,أسئلة شخصية خفيفة,light-personal-23,prompt,وش أكثر شيء يهدّيك بعد يوم طويل؟,,NEW. ما يهدّيك بعد يوم طويل قريب من light-personal-1.
NEW,NEEDS_REVIEW,who-wrote-it,من كتبها؟,light-personal,أسئلة شخصية خفيفة,light-personal-24,prompt,وش نوع القهوة أو الشاي اللي تطلبه بدون تفكير؟,,NEW. نبرة مناسبة غالبًا، لكن الفئة الأصلية مبنية على قوالب متكررة (وش أسوأ / اخترع / عطنا / لو). تأكد أنه موقف جديد لا إعادة صياغة.
NEW,NEAR_DUPLICATE,who-wrote-it,من كتبها؟,light-personal,أسئلة شخصية خفيفة,light-personal-25,prompt,وش شيء في بيتك ما تقدر تستغني عنه؟,,NEW. شيء في البيت لا تستغني عنه قريب من light-personal-15.
NEW,NEEDS_REVIEW,who-wrote-it,من كتبها؟,light-personal,أسئلة شخصية خفيفة,light-personal-26,prompt,وش أكثر لعبة أو هواية تسرق وقتك؟,,NEW. نبرة مناسبة غالبًا، لكن الفئة الأصلية مبنية على قوالب متكررة (وش أسوأ / اخترع / عطنا / لو). تأكد أنه موقف جديد لا إعادة صياغة.
NEW,NEAR_DUPLICATE,who-wrote-it,من كتبها؟,light-personal,أسئلة شخصية خفيفة,light-personal-27,prompt,وش صفة تبحث عنها في الناس بسرعة؟,,NEW. صفة تبحث عنها قريبة من light-personal-3.
NEW,NEEDS_REVIEW,who-wrote-it,من كتبها؟,light-personal,أسئلة شخصية خفيفة,light-personal-28,prompt,وش أكثر شيء يسعدك في الويكند؟,,NEW. نبرة مناسبة غالبًا، لكن الفئة الأصلية مبنية على قوالب متكررة (وش أسوأ / اخترع / عطنا / لو). تأكد أنه موقف جديد لا إعادة صياغة.
NEW,NEAR_DUPLICATE,who-wrote-it,من كتبها؟,light-personal,أسئلة شخصية خفيفة,light-personal-29,prompt,وش أكلة تطلبها وأنت محتار؟,,NEW. أكلة وأنت محتار قريبة من light-personal-8 (أكلة تكررها).
NEW,NEEDS_REVIEW,who-wrote-it,من كتبها؟,light-personal,أسئلة شخصية خفيفة,light-personal-30,prompt,وش شيء صغير تعتبره فخامة؟,,NEW. نبرة مناسبة غالبًا، لكن الفئة الأصلية مبنية على قوالب متكررة (وش أسوأ / اخترع / عطنا / لو). تأكد أنه موقف جديد لا إعادة صياغة.
ORIGINAL,KEEP,who-wrote-it,من كتبها؟,what-would-you-do,ماذا ستفعل؟,what-would-you-do-1,prompt,لو صحيت ولقيت مليون ريال بحسابك، وش أول شيء تسويه؟,,ORIGINAL. من المحتوى المُراجع سابقًا؛ لا توجد علة واضحة تستدعي الحذف.
ORIGINAL,KEEP,who-wrote-it,من كتبها؟,what-would-you-do,ماذا ستفعل؟,what-would-you-do-2,prompt,لو قدرت تعيش سنة في أي دولة، وين تختار؟,,ORIGINAL. من المحتوى المُراجع سابقًا؛ لا توجد علة واضحة تستدعي الحذف.
ORIGINAL,KEEP,who-wrote-it,من كتبها؟,what-would-you-do,ماذا ستفعل؟,what-would-you-do-3,prompt,لو انحبست بمصعد مع شخص من الموجودين، مين تختار؟,,ORIGINAL. من المحتوى المُراجع سابقًا؛ لا توجد علة واضحة تستدعي الحذف.
ORIGINAL,KEEP,who-wrote-it,من كتبها؟,what-would-you-do,ماذا ستفعل؟,what-would-you-do-4,prompt,لو تقدر ترجع يوم واحد من حياتك، أي يوم تختار؟,,ORIGINAL. من المحتوى المُراجع سابقًا؛ لا توجد علة واضحة تستدعي الحذف.
ORIGINAL,KEEP,who-wrote-it,من كتبها؟,what-would-you-do,ماذا ستفعل؟,what-would-you-do-5,prompt,لو عطوك تذكرة سفر الآن بدون رجعة لمدة شهر، وين تروح؟,,ORIGINAL. تذكرة سفر فورية مختلفة عن اختيار دولة لسنة.
ORIGINAL,KEEP,who-wrote-it,من كتبها؟,what-would-you-do,ماذا ستفعل؟,what-would-you-do-6,prompt,لو اضطريت تحذف كل التطبيقات إلا ثلاثة، وش تخلي؟,,ORIGINAL. من المحتوى المُراجع سابقًا؛ لا توجد علة واضحة تستدعي الحذف.
ORIGINAL,KEEP,who-wrote-it,من كتبها؟,what-would-you-do,ماذا ستفعل؟,what-would-you-do-7,prompt,لو صرت مشهور بكرة، وش أول شيء تخاف يصير؟,,ORIGINAL. من المحتوى المُراجع سابقًا؛ لا توجد علة واضحة تستدعي الحذف.
ORIGINAL,KEEP,who-wrote-it,من كتبها؟,what-would-you-do,ماذا ستفعل؟,what-would-you-do-8,prompt,لو تقدر تبدل حياتك مع شخص لمدة يوم، مين تختار؟,,ORIGINAL. من المحتوى المُراجع سابقًا؛ لا توجد علة واضحة تستدعي الحذف.
ORIGINAL,KEEP,who-wrote-it,من كتبها؟,what-would-you-do,ماذا ستفعل؟,what-would-you-do-9,prompt,لو لازم تأكل أكلة وحدة أسبوع كامل، وش تختار؟,,ORIGINAL. من المحتوى المُراجع سابقًا؛ لا توجد علة واضحة تستدعي الحذف.
ORIGINAL,KEEP,who-wrote-it,من كتبها؟,what-would-you-do,ماذا ستفعل؟,what-would-you-do-10,prompt,لو أعطوك قدرة خارقة لمدة 24 ساعة، وش تختار؟,,ORIGINAL. من المحتوى المُراجع سابقًا؛ لا توجد علة واضحة تستدعي الحذف.
ORIGINAL,KEEP,who-wrote-it,من كتبها؟,what-would-you-do,ماذا ستفعل؟,what-would-you-do-11,prompt,لو تقدر توقف الزمن لمدة ساعة، وش بتسوي؟,,ORIGINAL. من المحتوى المُراجع سابقًا؛ لا توجد علة واضحة تستدعي الحذف.
ORIGINAL,KEEP,who-wrote-it,من كتبها؟,what-would-you-do,ماذا ستفعل؟,what-would-you-do-12,prompt,لو لازم تعيش بدون جوال أو بدون سيارة سنة، وش تختار؟,,ORIGINAL. من المحتوى المُراجع سابقًا؛ لا توجد علة واضحة تستدعي الحذف.
ORIGINAL,KEEP,who-wrote-it,من كتبها؟,what-would-you-do,ماذا ستفعل؟,what-would-you-do-13,prompt,لو تقدر تمسح موقف محرج من ذاكرتك، وش هو؟,,ORIGINAL. من المحتوى المُراجع سابقًا؛ لا توجد علة واضحة تستدعي الحذف.
ORIGINAL,KEEP,who-wrote-it,من كتبها؟,what-would-you-do,ماذا ستفعل؟,what-would-you-do-14,prompt,لو أحد عطاك فرصة تبدأ مشروع الآن، وش بتسوي؟,,ORIGINAL. من المحتوى المُراجع سابقًا؛ لا توجد علة واضحة تستدعي الحذف.
ORIGINAL,KEEP,who-wrote-it,من كتبها؟,what-would-you-do,ماذا ستفعل؟,what-would-you-do-15,prompt,لو لازم تختار شخص من القروب يكون مديرك سنة، مين تختار؟,,ORIGINAL. من المحتوى المُراجع سابقًا؛ لا توجد علة واضحة تستدعي الحذف.
NEW,KEEP,who-wrote-it,من كتبها؟,what-would-you-do,ماذا ستفعل؟,what-would-you-do-16,prompt,لو صار عندك يوم بدون التزامات أبدًا، وش جدولك؟,,NEW. موقف مميز عن الأصل؛ يبقى أقل ثقة من المحتوى المُراجع حتى تمرير المالك.
NEW,NEEDS_REVIEW,who-wrote-it,من كتبها؟,what-would-you-do,ماذا ستفعل؟,what-would-you-do-17,prompt,لو قدرت تعيش بدون فلوس أسبوع، وش أول شيء ينقصك؟,,NEW. نبرة مناسبة غالبًا، لكن الفئة الأصلية مبنية على قوالب متكررة (وش أسوأ / اخترع / عطنا / لو). تأكد أنه موقف جديد لا إعادة صياغة.
NEW,NEEDS_REVIEW,who-wrote-it,من كتبها؟,what-would-you-do,ماذا ستفعل؟,what-would-you-do-18,prompt,لو انحطيت مسؤول عن تنظيم طلعة القروب، وش أول قرار؟,,NEW. نبرة مناسبة غالبًا، لكن الفئة الأصلية مبنية على قوالب متكررة (وش أسوأ / اخترع / عطنا / لو). تأكد أنه موقف جديد لا إعادة صياغة.
NEW,NEEDS_REVIEW,who-wrote-it,من كتبها؟,what-would-you-do,ماذا ستفعل؟,what-would-you-do-19,prompt,لو تقدر تحذف عادة واحدة من حياة الناس، وش تختار؟,,NEW. نبرة مناسبة غالبًا، لكن الفئة الأصلية مبنية على قوالب متكررة (وش أسوأ / اخترع / عطنا / لو). تأكد أنه موقف جديد لا إعادة صياغة.
NEW,NEEDS_REVIEW,who-wrote-it,من كتبها؟,what-would-you-do,ماذا ستفعل؟,what-would-you-do-20,prompt,لو انقطع النت وأنت مسافر، وش خطتك؟,,NEW. نبرة مناسبة غالبًا، لكن الفئة الأصلية مبنية على قوالب متكررة (وش أسوأ / اخترع / عطنا / لو). تأكد أنه موقف جديد لا إعادة صياغة.
NEW,NEEDS_REVIEW,who-wrote-it,من كتبها؟,what-would-you-do,ماذا ستفعل؟,what-would-you-do-21,prompt,لو صار لازم تقدم هدية بدون ما تشتري شيء جديد، وش تعطي؟,,NEW. نبرة مناسبة غالبًا، لكن الفئة الأصلية مبنية على قوالب متكررة (وش أسوأ / اخترع / عطنا / لو). تأكد أنه موقف جديد لا إعادة صياغة.
NEW,NEEDS_REVIEW,who-wrote-it,من كتبها؟,what-would-you-do,ماذا ستفعل؟,what-would-you-do-22,prompt,لو انعرض عليك تعيش في قرية سنة، تقبل ولا لا؟ وليش؟,,NEW. نبرة مناسبة غالبًا، لكن الفئة الأصلية مبنية على قوالب متكررة (وش أسوأ / اخترع / عطنا / لو). تأكد أنه موقف جديد لا إعادة صياغة.
NEW,NEEDS_REVIEW,who-wrote-it,من كتبها؟,what-would-you-do,ماذا ستفعل؟,what-would-you-do-23,prompt,لو تقدر تتقن مهارة خلال أسبوع، وش تختار؟,,NEW. نبرة مناسبة غالبًا، لكن الفئة الأصلية مبنية على قوالب متكررة (وش أسوأ / اخترع / عطنا / لو). تأكد أنه موقف جديد لا إعادة صياغة.
NEW,NEEDS_REVIEW,who-wrote-it,من كتبها؟,what-would-you-do,ماذا ستفعل؟,what-would-you-do-24,prompt,لو أحد عطاك ميكروفون في مناسبة، وش تقول؟,,NEW. نبرة مناسبة غالبًا، لكن الفئة الأصلية مبنية على قوالب متكررة (وش أسوأ / اخترع / عطنا / لو). تأكد أنه موقف جديد لا إعادة صياغة.
NEW,NEEDS_REVIEW,who-wrote-it,من كتبها؟,what-would-you-do,ماذا ستفعل؟,what-would-you-do-25,prompt,لو قدرت تغيّر قانون واحد في بيتك، وش يكون؟,,NEW. نبرة مناسبة غالبًا، لكن الفئة الأصلية مبنية على قوالب متكررة (وش أسوأ / اخترع / عطنا / لو). تأكد أنه موقف جديد لا إعادة صياغة.
NEW,KEEP,who-wrote-it,من كتبها؟,what-would-you-do,ماذا ستفعل؟,what-would-you-do-26,prompt,لو انحبست في المطار 10 ساعات، وش تسوي؟,,NEW. موقف مميز عن الأصل؛ يبقى أقل ثقة من المحتوى المُراجع حتى تمرير المالك.
NEW,NEEDS_REVIEW,who-wrote-it,من كتبها؟,what-would-you-do,ماذا ستفعل؟,what-would-you-do-27,prompt,لو تقدر تعيد تصميم جوالك من صفر، وش تغيّر؟,,NEW. نبرة مناسبة غالبًا، لكن الفئة الأصلية مبنية على قوالب متكررة (وش أسوأ / اخترع / عطنا / لو). تأكد أنه موقف جديد لا إعادة صياغة.
NEW,NEEDS_REVIEW,who-wrote-it,من كتبها؟,what-would-you-do,ماذا ستفعل؟,what-would-you-do-28,prompt,لو صار لازم تختار أغنية تمثّلك، وش هي؟,,NEW. نبرة مناسبة غالبًا، لكن الفئة الأصلية مبنية على قوالب متكررة (وش أسوأ / اخترع / عطنا / لو). تأكد أنه موقف جديد لا إعادة صياغة.
NEW,NEEDS_REVIEW,who-wrote-it,من كتبها؟,what-would-you-do,ماذا ستفعل؟,what-would-you-do-29,prompt,لو قدرت تلغي اجتماعًا واحدًا إلى الأبد، وش نوعه؟,,NEW. نبرة مناسبة غالبًا، لكن الفئة الأصلية مبنية على قوالب متكررة (وش أسوأ / اخترع / عطنا / لو). تأكد أنه موقف جديد لا إعادة صياغة.
NEW,NEEDS_REVIEW,who-wrote-it,من كتبها؟,what-would-you-do,ماذا ستفعل؟,what-would-you-do-30,prompt,لو تقدر تخلي شخص من القروب مشهور، مين تختار؟,,NEW. نبرة مناسبة غالبًا، لكن الفئة الأصلية مبنية على قوالب متكررة (وش أسوأ / اخترع / عطنا / لو). تأكد أنه موقف جديد لا إعادة صياغة.
ORIGINAL,KEEP,judge,القاضي,worst-answer,أسوأ إجابة ممكنة,worst-answer-1,prompt,عطنا أسوأ عذر ممكن تقوله إذا تأخرت ساعتين.,,ORIGINAL. من المحتوى المُراجع سابقًا؛ لا توجد علة واضحة تستدعي الحذف.
ORIGINAL,KEEP,judge,القاضي,worst-answer,أسوأ إجابة ممكنة,worst-answer-2,prompt,وش أسوأ شيء ممكن تقوله في أول موعد؟,,ORIGINAL. من المحتوى المُراجع سابقًا؛ لا توجد علة واضحة تستدعي الحذف.
ORIGINAL,KEEP,judge,القاضي,worst-answer,أسوأ إجابة ممكنة,worst-answer-3,prompt,وش أسوأ رد ممكن ترسله لشخص قال لك اشتقت لك؟,,ORIGINAL. من المحتوى المُراجع سابقًا؛ لا توجد علة واضحة تستدعي الحذف.
ORIGINAL,KEEP,judge,القاضي,worst-answer,أسوأ إجابة ممكنة,worst-answer-4,prompt,وش أسوأ سبب ممكن يخليك تنطرد من وظيفة بأول يوم؟,,ORIGINAL. من المحتوى المُراجع سابقًا؛ لا توجد علة واضحة تستدعي الحذف.
ORIGINAL,KEEP,judge,القاضي,worst-answer,أسوأ إجابة ممكنة,worst-answer-5,prompt,وش أسوأ شيء ممكن تسمعه من الدكتور قبل العملية؟,,ORIGINAL. من المحتوى المُراجع سابقًا؛ لا توجد علة واضحة تستدعي الحذف.
ORIGINAL,KEEP,judge,القاضي,worst-answer,أسوأ إجابة ممكنة,worst-answer-6,prompt,وش أسوأ نصيحة ممكن تعطيها لشخص داخل اختبار؟,,ORIGINAL. من المحتوى المُراجع سابقًا؛ لا توجد علة واضحة تستدعي الحذف.
ORIGINAL,KEEP,judge,القاضي,worst-answer,أسوأ إجابة ممكنة,worst-answer-7,prompt,وش أسوأ جملة ممكن تقولها في مقابلة عمل؟,,ORIGINAL. من المحتوى المُراجع سابقًا؛ لا توجد علة واضحة تستدعي الحذف.
ORIGINAL,KEEP,judge,القاضي,worst-answer,أسوأ إجابة ممكنة,worst-answer-8,prompt,وش أسوأ اسم ممكن تسمي فيه مطعم فاخر؟,,ORIGINAL. من المحتوى المُراجع سابقًا؛ لا توجد علة واضحة تستدعي الحذف.
ORIGINAL,KEEP,judge,القاضي,worst-answer,أسوأ إجابة ممكنة,worst-answer-9,prompt,وش أسوأ شيء ممكن تقوله لشخص توه قص شعره؟,,ORIGINAL. من المحتوى المُراجع سابقًا؛ لا توجد علة واضحة تستدعي الحذف.
ORIGINAL,KEEP,judge,القاضي,worst-answer,أسوأ إجابة ممكنة,worst-answer-10,prompt,وش أسوأ رد ممكن تقوله إذا أحد قال لك عندي خبر مهم؟,,ORIGINAL. من المحتوى المُراجع سابقًا؛ لا توجد علة واضحة تستدعي الحذف.
ORIGINAL,KEEP,judge,القاضي,worst-answer,أسوأ إجابة ممكنة,worst-answer-11,prompt,وش أسوأ هدية ممكن تعطيها لشخص في عيد ميلاده؟,,ORIGINAL. من المحتوى المُراجع سابقًا؛ لا توجد علة واضحة تستدعي الحذف.
ORIGINAL,KEEP,judge,القاضي,worst-answer,أسوأ إجابة ممكنة,worst-answer-12,prompt,وش أسوأ شيء ممكن تسويه في عزيمة رسمية؟,,ORIGINAL. من المحتوى المُراجع سابقًا؛ لا توجد علة واضحة تستدعي الحذف.
ORIGINAL,KEEP,judge,القاضي,worst-answer,أسوأ إجابة ممكنة,worst-answer-13,prompt,وش أسوأ اسم ممكن تعطيه لطفلك؟,,ORIGINAL. اسم طفل سيئ.
ORIGINAL,KEEP,judge,القاضي,worst-answer,أسوأ إجابة ممكنة,worst-answer-14,prompt,وش أسوأ عذر ممكن تستخدمه عشان ما ترد على أحد أسبوع؟,,ORIGINAL. من المحتوى المُراجع سابقًا؛ لا توجد علة واضحة تستدعي الحذف.
ORIGINAL,KEEP,judge,القاضي,worst-answer,أسوأ إجابة ممكنة,worst-answer-15,prompt,وش أسوأ شيء ممكن تحطه في سيرتك الذاتية؟,,ORIGINAL. من المحتوى المُراجع سابقًا؛ لا توجد علة واضحة تستدعي الحذف.
NEW,KEEP,judge,القاضي,worst-answer,أسوأ إجابة ممكنة,worst-answer-16,prompt,وش أسوأ شيء ممكن تقوله وأنت داخل المصعد مع مديرك؟,,NEW. موقف مميز عن الأصل؛ يبقى أقل ثقة من المحتوى المُراجع حتى تمرير المالك.
NEW,NEEDS_REVIEW,judge,القاضي,worst-answer,أسوأ إجابة ممكنة,worst-answer-17,prompt,وش أسوأ رد على رسالة صباح الخير؟,,NEW. نبرة مناسبة غالبًا، لكن الفئة الأصلية مبنية على قوالب متكررة (وش أسوأ / اخترع / عطنا / لو). تأكد أنه موقف جديد لا إعادة صياغة.
NEW,NEEDS_REVIEW,judge,القاضي,worst-answer,أسوأ إجابة ممكنة,worst-answer-18,prompt,وش أسوأ شيء ينكتب على كيكة تخرج؟,,NEW. نبرة مناسبة غالبًا، لكن الفئة الأصلية مبنية على قوالب متكررة (وش أسوأ / اخترع / عطنا / لو). تأكد أنه موقف جديد لا إعادة صياغة.
NEW,NEEDS_REVIEW,judge,القاضي,worst-answer,أسوأ إجابة ممكنة,worst-answer-19,prompt,وش أسوأ جملة تبدأ فيها خطاب زواج؟,,NEW. نبرة مناسبة غالبًا، لكن الفئة الأصلية مبنية على قوالب متكررة (وش أسوأ / اخترع / عطنا / لو). تأكد أنه موقف جديد لا إعادة صياغة.
NEW,NEEDS_REVIEW,judge,القاضي,worst-answer,أسوأ إجابة ممكنة,worst-answer-20,prompt,وش أسوأ شيء تقول لجارك عن الضجيج؟,,NEW. نبرة مناسبة غالبًا، لكن الفئة الأصلية مبنية على قوالب متكررة (وش أسوأ / اخترع / عطنا / لو). تأكد أنه موقف جديد لا إعادة صياغة.
NEW,KEEP,judge,القاضي,worst-answer,أسوأ إجابة ممكنة,worst-answer-21,prompt,وش أسوأ تعليق في زوم وأنت فاكر المايك مقفل؟,,NEW. موقف مميز عن الأصل؛ يبقى أقل ثقة من المحتوى المُراجع حتى تمرير المالك.
NEW,NEEDS_REVIEW,judge,القاضي,worst-answer,أسوأ إجابة ممكنة,worst-answer-22,prompt,وش أسوأ شيء تقوله لشخص يريحك أكلته؟,,NEW. نبرة مناسبة غالبًا، لكن الفئة الأصلية مبنية على قوالب متكررة (وش أسوأ / اخترع / عطنا / لو). تأكد أنه موقف جديد لا إعادة صياغة.
NEW,NEEDS_REVIEW,judge,القاضي,worst-answer,أسوأ إجابة ممكنة,worst-answer-23,prompt,وش أسوأ سبب تعتذر فيه بعد ما نسيت عيد ميلاد؟,,NEW. نبرة مناسبة غالبًا، لكن الفئة الأصلية مبنية على قوالب متكررة (وش أسوأ / اخترع / عطنا / لو). تأكد أنه موقف جديد لا إعادة صياغة.
NEW,NEEDS_REVIEW,judge,القاضي,worst-answer,أسوأ إجابة ممكنة,worst-answer-24,prompt,وش أسوأ اسم ممكن تعطيه لمجموعة واتساب العائلة؟,,NEW. نبرة مناسبة غالبًا، لكن الفئة الأصلية مبنية على قوالب متكررة (وش أسوأ / اخترع / عطنا / لو). تأكد أنه موقف جديد لا إعادة صياغة.
NEW,NEEDS_REVIEW,judge,القاضي,worst-answer,أسوأ إجابة ممكنة,worst-answer-25,prompt,وش أسوأ نصيحة تعطيها لشخص بيسافر أول مرة؟,,NEW. نبرة مناسبة غالبًا، لكن الفئة الأصلية مبنية على قوالب متكررة (وش أسوأ / اخترع / عطنا / لو). تأكد أنه موقف جديد لا إعادة صياغة.
NEW,NEEDS_REVIEW,judge,القاضي,worst-answer,أسوأ إجابة ممكنة,worst-answer-26,prompt,وش أسوأ شيء ممكن يظهر في بحث جوجل عنك؟,,NEW. نبرة مناسبة غالبًا، لكن الفئة الأصلية مبنية على قوالب متكررة (وش أسوأ / اخترع / عطنا / لو). تأكد أنه موقف جديد لا إعادة صياغة.
NEW,NEEDS_REVIEW,judge,القاضي,worst-answer,أسوأ إجابة ممكنة,worst-answer-27,prompt,وش أسوأ طريقة تطلب فيها زيادة راتب؟,,NEW. نبرة مناسبة غالبًا، لكن الفئة الأصلية مبنية على قوالب متكررة (وش أسوأ / اخترع / عطنا / لو). تأكد أنه موقف جديد لا إعادة صياغة.
NEW,NEEDS_REVIEW,judge,القاضي,worst-answer,أسوأ إجابة ممكنة,worst-answer-28,prompt,وش أسوأ شيء تقوله وأنت تسلم على أهل صاحبك؟,,NEW. نبرة مناسبة غالبًا، لكن الفئة الأصلية مبنية على قوالب متكررة (وش أسوأ / اخترع / عطنا / لو). تأكد أنه موقف جديد لا إعادة صياغة.
NEW,NEEDS_REVIEW,judge,القاضي,worst-answer,أسوأ إجابة ممكنة,worst-answer-29,prompt,وش أسوأ تعليق على صورة طفل؟,,NEW. نبرة مناسبة غالبًا، لكن الفئة الأصلية مبنية على قوالب متكررة (وش أسوأ / اخترع / عطنا / لو). تأكد أنه موقف جديد لا إعادة صياغة.
NEW,NEEDS_REVIEW,judge,القاضي,worst-answer,أسوأ إجابة ممكنة,worst-answer-30,prompt,وش أسوأ شيء ممكن يجي في إعلان وظيفتك؟,,NEW. نبرة مناسبة غالبًا، لكن الفئة الأصلية مبنية على قوالب متكررة (وش أسوأ / اخترع / عطنا / لو). تأكد أنه موقف جديد لا إعادة صياغة.
ORIGINAL,KEEP,judge,القاضي,invent-something-silly,اخترع شيء غبي,invent-something-silly-1,prompt,اخترع اسم تطبيق محد طلبه لكن تتوقع ينجح.,,ORIGINAL. من المحتوى المُراجع سابقًا؛ لا توجد علة واضحة تستدعي الحذف.
ORIGINAL,KEEP,judge,القاضي,invent-something-silly,اخترع شيء غبي,invent-something-silly-2,prompt,اخترع منتج غبي ممكن ينباع بمليون ريال.,,ORIGINAL. من المحتوى المُراجع سابقًا؛ لا توجد علة واضحة تستدعي الحذف.
ORIGINAL,KEEP,judge,القاضي,invent-something-silly,اخترع شيء غبي,invent-something-silly-3,prompt,اخترع رياضة جديدة محد يفهم قوانينها.,,ORIGINAL. من المحتوى المُراجع سابقًا؛ لا توجد علة واضحة تستدعي الحذف.
ORIGINAL,KEEP,judge,القاضي,invent-something-silly,اخترع شيء غبي,invent-something-silly-4,prompt,اخترع اسم مطعم سيئ جدًا.,,ORIGINAL. من المحتوى المُراجع سابقًا؛ لا توجد علة واضحة تستدعي الحذف.
ORIGINAL,KEEP,judge,القاضي,invent-something-silly,اخترع شيء غبي,invent-something-silly-5,prompt,اخترع وظيفة ما لها أي فايدة.,,ORIGINAL. من المحتوى المُراجع سابقًا؛ لا توجد علة واضحة تستدعي الحذف.
ORIGINAL,KEEP,judge,القاضي,invent-something-silly,اخترع شيء غبي,invent-something-silly-6,prompt,اخترع جهاز يحل مشكلة غير موجودة.,,ORIGINAL. من المحتوى المُراجع سابقًا؛ لا توجد علة واضحة تستدعي الحذف.
ORIGINAL,KEEP,judge,القاضي,invent-something-silly,اخترع شيء غبي,invent-something-silly-7,prompt,اخترع مادة دراسية جديدة للجامعة.,,ORIGINAL. من المحتوى المُراجع سابقًا؛ لا توجد علة واضحة تستدعي الحذف.
ORIGINAL,KEEP,judge,القاضي,invent-something-silly,اخترع شيء غبي,invent-something-silly-8,prompt,اخترع اسم شركة تقنية فاشلة.,,ORIGINAL. من المحتوى المُراجع سابقًا؛ لا توجد علة واضحة تستدعي الحذف.
ORIGINAL,KEEP,judge,القاضي,invent-something-silly,اخترع شيء غبي,invent-something-silly-9,prompt,اخترع لعبة فيديو فكرتها سيئة جدًا.,,ORIGINAL. من المحتوى المُراجع سابقًا؛ لا توجد علة واضحة تستدعي الحذف.
ORIGINAL,KEEP,judge,القاضي,invent-something-silly,اخترع شيء غبي,invent-something-silly-10,prompt,اخترع قانون جديد للمدرسة الكل بيكرهه.,,ORIGINAL. من المحتوى المُراجع سابقًا؛ لا توجد علة واضحة تستدعي الحذف.
ORIGINAL,KEEP,judge,القاضي,invent-something-silly,اخترع شيء غبي,invent-something-silly-11,prompt,اخترع اسم عصير ما أحد بيطلبه.,,ORIGINAL. من المحتوى المُراجع سابقًا؛ لا توجد علة واضحة تستدعي الحذف.
ORIGINAL,KEEP,judge,القاضي,invent-something-silly,اخترع شيء غبي,invent-something-silly-12,prompt,اخترع تطبيق مواعدة بطريقة كارثية.,,ORIGINAL. من المحتوى المُراجع سابقًا؛ لا توجد علة واضحة تستدعي الحذف.
ORIGINAL,KEEP,judge,القاضي,invent-something-silly,اخترع شيء غبي,invent-something-silly-13,prompt,اخترع سوبرهيرو قوته ما لها فايدة.,,ORIGINAL. من المحتوى المُراجع سابقًا؛ لا توجد علة واضحة تستدعي الحذف.
ORIGINAL,KEEP,judge,القاضي,invent-something-silly,اخترع شيء غبي,invent-something-silly-14,prompt,اخترع اسم فرقة موسيقية غريب جدًا.,,ORIGINAL. من المحتوى المُراجع سابقًا؛ لا توجد علة واضحة تستدعي الحذف.
ORIGINAL,KEEP,judge,القاضي,invent-something-silly,اخترع شيء غبي,invent-something-silly-15,prompt,اخترع خدمة اشتراك شهرية محد يحتاجها.,,ORIGINAL. من المحتوى المُراجع سابقًا؛ لا توجد علة واضحة تستدعي الحذف.
NEW,NEEDS_REVIEW,judge,القاضي,invent-something-silly,اخترع شيء غبي,invent-something-silly-16,prompt,اخترع نظام توصيل طعام أسوأ من الانتظار.,,NEW. نبرة مناسبة غالبًا، لكن الفئة الأصلية مبنية على قوالب متكررة (وش أسوأ / اخترع / عطنا / لو). تأكد أنه موقف جديد لا إعادة صياغة.
NEW,NEEDS_REVIEW,judge,القاضي,invent-something-silly,اخترع شيء غبي,invent-something-silly-17,prompt,اخترع اسم عطر ريحته مستفزة.,,NEW. نبرة مناسبة غالبًا، لكن الفئة الأصلية مبنية على قوالب متكررة (وش أسوأ / اخترع / عطنا / لو). تأكد أنه موقف جديد لا إعادة صياغة.
NEW,NEEDS_REVIEW,judge,القاضي,invent-something-silly,اخترع شيء غبي,invent-something-silly-18,prompt,اخترع قناة يوتيوب محتواها غير محتمل.,,NEW. نبرة مناسبة غالبًا، لكن الفئة الأصلية مبنية على قوالب متكررة (وش أسوأ / اخترع / عطنا / لو). تأكد أنه موقف جديد لا إعادة صياغة.
NEW,NEEDS_REVIEW,judge,القاضي,invent-something-silly,اخترع شيء غبي,invent-something-silly-19,prompt,اخترع قانون للشوارع يزيد الزحمة.,,NEW. نبرة مناسبة غالبًا، لكن الفئة الأصلية مبنية على قوالب متكررة (وش أسوأ / اخترع / عطنا / لو). تأكد أنه موقف جديد لا إعادة صياغة.
NEW,NEEDS_REVIEW,judge,القاضي,invent-something-silly,اخترع شيء غبي,invent-something-silly-20,prompt,اخترع جهاز للمطبخ يعقّد الطبخ أكثر.,,NEW. نبرة مناسبة غالبًا، لكن الفئة الأصلية مبنية على قوالب متكررة (وش أسوأ / اخترع / عطنا / لو). تأكد أنه موقف جديد لا إعادة صياغة.
NEW,NEEDS_REVIEW,judge,القاضي,invent-something-silly,اخترع شيء غبي,invent-something-silly-21,prompt,اخترع اسم بنك رقمي ما يطمن أحد.,,NEW. نبرة مناسبة غالبًا، لكن الفئة الأصلية مبنية على قوالب متكررة (وش أسوأ / اخترع / عطنا / لو). تأكد أنه موقف جديد لا إعادة صياغة.
NEW,NEAR_DUPLICATE,judge,القاضي,invent-something-silly,اخترع شيء غبي,invent-something-silly-22,prompt,اخترع رياضة أولمبية ما لها داعي.,,NEW. رياضة أولمبية ما لها داعي قريبة من invent-3 (رياضة جديدة).
NEW,NEAR_DUPLICATE,judge,القاضي,invent-something-silly,اخترع شيء غبي,invent-something-silly-23,prompt,اخترع خدمة عملاء أسوأ من الانتظار على الخط.,,NEW. خدمة عملاء أسوأ من الانتظار قريبة من invent-16.
NEW,NEEDS_REVIEW,judge,القاضي,invent-something-silly,اخترع شيء غبي,invent-something-silly-24,prompt,اخترع لعبة جوال مصممة عشان تضيّع البطارية.,,NEW. نبرة مناسبة غالبًا، لكن الفئة الأصلية مبنية على قوالب متكررة (وش أسوأ / اخترع / عطنا / لو). تأكد أنه موقف جديد لا إعادة صياغة.
NEW,NEEDS_REVIEW,judge,القاضي,invent-something-silly,اخترع شيء غبي,invent-something-silly-25,prompt,اخترع اسم حملة تسويق تخوف الزبائن.,,NEW. نبرة مناسبة غالبًا، لكن الفئة الأصلية مبنية على قوالب متكررة (وش أسوأ / اخترع / عطنا / لو). تأكد أنه موقف جديد لا إعادة صياغة.
NEW,NEEDS_REVIEW,judge,القاضي,invent-something-silly,اخترع شيء غبي,invent-something-silly-26,prompt,اخترع وسيلة مواصلات أبطأ من المشي.,,NEW. نبرة مناسبة غالبًا، لكن الفئة الأصلية مبنية على قوالب متكررة (وش أسوأ / اخترع / عطنا / لو). تأكد أنه موقف جديد لا إعادة صياغة.
NEW,NEEDS_REVIEW,judge,القاضي,invent-something-silly,اخترع شيء غبي,invent-something-silly-27,prompt,اخترع تطبيق منبه يزيد النوم.,,NEW. نبرة مناسبة غالبًا، لكن الفئة الأصلية مبنية على قوالب متكررة (وش أسوأ / اخترع / عطنا / لو). تأكد أنه موقف جديد لا إعادة صياغة.
NEW,NEEDS_REVIEW,judge,القاضي,invent-something-silly,اخترع شيء غبي,invent-something-silly-28,prompt,اخترع قائمة مطعم كلها أسماء ما تنفهم.,,NEW. نبرة مناسبة غالبًا، لكن الفئة الأصلية مبنية على قوالب متكررة (وش أسوأ / اخترع / عطنا / لو). تأكد أنه موقف جديد لا إعادة صياغة.
NEW,NEAR_DUPLICATE,judge,القاضي,invent-something-silly,اخترع شيء غبي,invent-something-silly-29,prompt,اخترع وظيفة في شركة ألعاب ما تسوي شيء.,,NEW. وظيفة في شركة ألعاب قريبة من invent-5 (وظيفة بلا فايدة).
NEW,NEEDS_REVIEW,judge,القاضي,invent-something-silly,اخترع شيء غبي,invent-something-silly-30,prompt,اخترع اسم مدينة سياحية محد يبي يزورها.,,NEW. نبرة مناسبة غالبًا، لكن الفئة الأصلية مبنية على قوالب متكررة (وش أسوأ / اخترع / عطنا / لو). تأكد أنه موقف جديد لا إعادة صياغة.
ORIGINAL,KEEP,judge,القاضي,weird-scenarios,سيناريوهات غريبة,weird-scenarios-1,prompt,صحيت ولقيت نفسك رئيس دولة لمدة يوم، وش أول قرار تسويه؟,,ORIGINAL. من المحتوى المُراجع سابقًا؛ لا توجد علة واضحة تستدعي الحذف.
ORIGINAL,KEEP,judge,القاضي,weird-scenarios,سيناريوهات غريبة,weird-scenarios-2,prompt,فجأة كل الحيوانات صارت تتكلم، أي حيوان بيكون أكثر واحد مزعج؟,,ORIGINAL. من المحتوى المُراجع سابقًا؛ لا توجد علة واضحة تستدعي الحذف.
ORIGINAL,KEEP,judge,القاضي,weird-scenarios,سيناريوهات غريبة,weird-scenarios-3,prompt,صحيت ولقيت نفسك مشهور عالميًا بدون سبب، وش أول شيء تسويه؟,,ORIGINAL. من المحتوى المُراجع سابقًا؛ لا توجد علة واضحة تستدعي الحذف.
ORIGINAL,KEEP,judge,القاضي,weird-scenarios,سيناريوهات غريبة,weird-scenarios-4,prompt,لو صار ممنوع استخدام الجوال أسبوع كامل، وش أكثر شيء الناس بتسويه بدلًا منه؟,,ORIGINAL. من المحتوى المُراجع سابقًا؛ لا توجد علة واضحة تستدعي الحذف.
ORIGINAL,KEEP,judge,القاضي,weird-scenarios,سيناريوهات غريبة,weird-scenarios-5,prompt,لو تقدر تضيف زر واحد جديد في جسم الإنسان، وش يسوي؟,,ORIGINAL. من المحتوى المُراجع سابقًا؛ لا توجد علة واضحة تستدعي الحذف.
ORIGINAL,KEEP,judge,القاضي,weird-scenarios,سيناريوهات غريبة,weird-scenarios-6,prompt,لو البشر صاروا ينامون ساعة وحدة فقط يوميًا، وش بيتغير؟,,ORIGINAL. من المحتوى المُراجع سابقًا؛ لا توجد علة واضحة تستدعي الحذف.
ORIGINAL,KEEP,judge,القاضي,weird-scenarios,سيناريوهات غريبة,weird-scenarios-7,prompt,لو صار عندك ريموت يتحكم بالناس، وش أول زر تضيفه؟,,ORIGINAL. من المحتوى المُراجع سابقًا؛ لا توجد علة واضحة تستدعي الحذف.
ORIGINAL,KEEP,judge,القاضي,weird-scenarios,سيناريوهات غريبة,weird-scenarios-8,prompt,لو صرت شبح لمدة 24 ساعة، وش أول شيء تسويه؟,,ORIGINAL. من المحتوى المُراجع سابقًا؛ لا توجد علة واضحة تستدعي الحذف.
ORIGINAL,KEEP,judge,القاضي,weird-scenarios,سيناريوهات غريبة,weird-scenarios-9,prompt,لو كل شخص لازم يلبس زي موحد حسب شخصيته، وش يكون زيك؟,,ORIGINAL. من المحتوى المُراجع سابقًا؛ لا توجد علة واضحة تستدعي الحذف.
ORIGINAL,KEEP,judge,القاضي,weird-scenarios,سيناريوهات غريبة,weird-scenarios-10,prompt,لو قدرت تغير صوتك لأي صوت بالعالم، وش تختار؟,,ORIGINAL. من المحتوى المُراجع سابقًا؛ لا توجد علة واضحة تستدعي الحذف.
ORIGINAL,KEEP,judge,القاضي,weird-scenarios,سيناريوهات غريبة,weird-scenarios-11,prompt,لو كل كذبة تقولها تطلع فوق رأسك كتابة، وش بيصير؟,,ORIGINAL. من المحتوى المُراجع سابقًا؛ لا توجد علة واضحة تستدعي الحذف.
ORIGINAL,KEEP,judge,القاضي,weird-scenarios,سيناريوهات غريبة,weird-scenarios-12,prompt,لو صار لازم تختار حيوان يكون مديرك، وش تختار؟,,ORIGINAL. من المحتوى المُراجع سابقًا؛ لا توجد علة واضحة تستدعي الحذف.
ORIGINAL,KEEP,judge,القاضي,weird-scenarios,سيناريوهات غريبة,weird-scenarios-13,prompt,لو الإنترنت اختفى للأبد، وش أول شيء بينهار؟,,ORIGINAL. من المحتوى المُراجع سابقًا؛ لا توجد علة واضحة تستدعي الحذف.
ORIGINAL,KEEP,judge,القاضي,weird-scenarios,سيناريوهات غريبة,weird-scenarios-14,prompt,لو كل شخص عنده موسيقى دخول مثل المصارعين، وش تكون موسيقاك؟,,ORIGINAL. من المحتوى المُراجع سابقًا؛ لا توجد علة واضحة تستدعي الحذف.
ORIGINAL,KEEP,judge,القاضي,weird-scenarios,سيناريوهات غريبة,weird-scenarios-15,prompt,لو قدرت تعيش داخل لعبة أسبوع، أي لعبة تختار؟,,ORIGINAL. من المحتوى المُراجع سابقًا؛ لا توجد علة واضحة تستدعي الحذف.
NEW,NEEDS_REVIEW,judge,القاضي,weird-scenarios,سيناريوهات غريبة,weird-scenarios-16,prompt,لو صار لكل شخص شريط أخبار فوق رأسه، وش أول خبر عندك؟,,NEW. نبرة مناسبة غالبًا، لكن الفئة الأصلية مبنية على قوالب متكررة (وش أسوأ / اخترع / عطنا / لو). تأكد أنه موقف جديد لا إعادة صياغة.
NEW,NEEDS_REVIEW,judge,القاضي,weird-scenarios,سيناريوهات غريبة,weird-scenarios-17,prompt,لو القهوة صارت حلال فقط بعد توقيع عقد، وش يصير؟,,NEW. نبرة مناسبة غالبًا، لكن الفئة الأصلية مبنية على قوالب متكررة (وش أسوأ / اخترع / عطنا / لو). تأكد أنه موقف جديد لا إعادة صياغة.
NEW,NEEDS_REVIEW,judge,القاضي,weird-scenarios,سيناريوهات غريبة,weird-scenarios-18,prompt,لو الحيوانات الأليفة صارت تقيّم أصحابها، وش تقييمك؟,,NEW. نبرة مناسبة غالبًا، لكن الفئة الأصلية مبنية على قوالب متكررة (وش أسوأ / اخترع / عطنا / لو). تأكد أنه موقف جديد لا إعادة صياغة.
NEW,KEEP,judge,القاضي,weird-scenarios,سيناريوهات غريبة,weird-scenarios-19,prompt,لو كل رسالة واتساب تنرسل بصوت الوالدة، وش بيتغير؟,,NEW. موقف مميز عن الأصل؛ يبقى أقل ثقة من المحتوى المُراجع حتى تمرير المالك.
NEW,NEEDS_REVIEW,judge,القاضي,weird-scenarios,سيناريوهات غريبة,weird-scenarios-20,prompt,لو صار ممنوع الكذب في المجالس، وش أول مجلس ينهار؟,,NEW. نبرة مناسبة غالبًا، لكن الفئة الأصلية مبنية على قوالب متكررة (وش أسوأ / اخترع / عطنا / لو). تأكد أنه موقف جديد لا إعادة صياغة.
NEW,NEEDS_REVIEW,judge,القاضي,weird-scenarios,سيناريوهات غريبة,weird-scenarios-21,prompt,لو السيارات تختار السائق، أي سيارة ترفضك؟,,NEW. نبرة مناسبة غالبًا، لكن الفئة الأصلية مبنية على قوالب متكررة (وش أسوأ / اخترع / عطنا / لو). تأكد أنه موقف جديد لا إعادة صياغة.
NEW,NEEDS_REVIEW,judge,القاضي,weird-scenarios,سيناريوهات غريبة,weird-scenarios-22,prompt,لو قدرت تسمع أفكار الناس في الطابور، وش أكثر فكر يزعجك؟,,NEW. نبرة مناسبة غالبًا، لكن الفئة الأصلية مبنية على قوالب متكررة (وش أسوأ / اخترع / عطنا / لو). تأكد أنه موقف جديد لا إعادة صياغة.
NEW,NEEDS_REVIEW,judge,القاضي,weird-scenarios,سيناريوهات غريبة,weird-scenarios-23,prompt,لو كل أكلة تنطق قبل ما تنأكل، وش الأكلة الأكثر لومًا؟,,NEW. نبرة مناسبة غالبًا، لكن الفئة الأصلية مبنية على قوالب متكررة (وش أسوأ / اخترع / عطنا / لو). تأكد أنه موقف جديد لا إعادة صياغة.
NEW,NEEDS_REVIEW,judge,القاضي,weird-scenarios,سيناريوهات غريبة,weird-scenarios-24,prompt,لو صار اليوم 16 ساعة فقط، وش أول شيء تحذفه؟,,NEW. نبرة مناسبة غالبًا، لكن الفئة الأصلية مبنية على قوالب متكررة (وش أسوأ / اخترع / عطنا / لو). تأكد أنه موقف جديد لا إعادة صياغة.
NEW,NEEDS_REVIEW,judge,القاضي,weird-scenarios,سيناريوهات غريبة,weird-scenarios-25,prompt,لو المكيفات صارت لها شخصية، وش شخصية مكيفك؟,,NEW. نبرة مناسبة غالبًا، لكن الفئة الأصلية مبنية على قوالب متكررة (وش أسوأ / اخترع / عطنا / لو). تأكد أنه موقف جديد لا إعادة صياغة.
NEW,NEEDS_REVIEW,judge,القاضي,weird-scenarios,سيناريوهات غريبة,weird-scenarios-26,prompt,لو الجوال يطلب إذنًا قبل كل فتح تطبيق، وش راح ينرفزك؟,,NEW. نبرة مناسبة غالبًا، لكن الفئة الأصلية مبنية على قوالب متكررة (وش أسوأ / اخترع / عطنا / لو). تأكد أنه موقف جديد لا إعادة صياغة.
NEW,NEEDS_REVIEW,judge,القاضي,weird-scenarios,سيناريوهات غريبة,weird-scenarios-27,prompt,لو تقدر تبادل مكانك مع إشارة مرور يوم، وش راح تسوي؟,,NEW. نبرة مناسبة غالبًا، لكن الفئة الأصلية مبنية على قوالب متكررة (وش أسوأ / اخترع / عطنا / لو). تأكد أنه موقف جديد لا إعادة صياغة.
NEW,NEEDS_REVIEW,judge,القاضي,weird-scenarios,سيناريوهات غريبة,weird-scenarios-28,prompt,لو كل شخص لازم يعلن سبب خروجه من البيت، وش تكتب؟,,NEW. نبرة مناسبة غالبًا، لكن الفئة الأصلية مبنية على قوالب متكررة (وش أسوأ / اخترع / عطنا / لو). تأكد أنه موقف جديد لا إعادة صياغة.
NEW,NEEDS_REVIEW,judge,القاضي,weird-scenarios,سيناريوهات غريبة,weird-scenarios-29,prompt,لو صارت النوم وظيفة رسمية، وش مسماك الوظيفي؟,,NEW. نبرة مناسبة غالبًا، لكن الفئة الأصلية مبنية على قوالب متكررة (وش أسوأ / اخترع / عطنا / لو). تأكد أنه موقف جديد لا إعادة صياغة.
NEW,NEEDS_REVIEW,judge,القاضي,weird-scenarios,سيناريوهات غريبة,weird-scenarios-30,prompt,لو القروبات العائلية صارت بث مباشر، وش أول كارثة؟,,NEW. نبرة مناسبة غالبًا، لكن الفئة الأصلية مبنية على قوالب متكررة (وش أسوأ / اخترع / عطنا / لو). تأكد أنه موقف جديد لا إعادة صياغة.
ORIGINAL,KEEP,judge,القاضي,complete-the-sentence,كمل الجملة,complete-the-sentence-1,prompt,أكثر شيء يخوفني مو الموت، هو...,,ORIGINAL. من المحتوى المُراجع سابقًا؛ لا توجد علة واضحة تستدعي الحذف.
ORIGINAL,KEEP,judge,القاضي,complete-the-sentence,كمل الجملة,complete-the-sentence-2,prompt,لو انقفطت وأنا أسوي شيء غريب، غالبًا بيكون...,,ORIGINAL. من المحتوى المُراجع سابقًا؛ لا توجد علة واضحة تستدعي الحذف.
ORIGINAL,KEEP,judge,القاضي,complete-the-sentence,كمل الجملة,complete-the-sentence-3,prompt,لو صرت مشهور، أول فضيحة لي بتكون...,,ORIGINAL. من المحتوى المُراجع سابقًا؛ لا توجد علة واضحة تستدعي الحذف.
ORIGINAL,KEEP,judge,القاضي,complete-the-sentence,كمل الجملة,complete-the-sentence-4,prompt,أكثر شيء ممكن يخليني أهرب من عزيمة هو...,,ORIGINAL. من المحتوى المُراجع سابقًا؛ لا توجد علة واضحة تستدعي الحذف.
ORIGINAL,KEEP,judge,القاضي,complete-the-sentence,كمل الجملة,complete-the-sentence-5,prompt,لو عندي مليون ريال وما أقدر أصرفها إلا على شيء غبي، بشتري...,,ORIGINAL. من المحتوى المُراجع سابقًا؛ لا توجد علة واضحة تستدعي الحذف.
ORIGINAL,KEEP,judge,القاضي,complete-the-sentence,كمل الجملة,complete-the-sentence-6,prompt,أسوأ شيء ممكن يصير في أول يوم دوام هو...,,ORIGINAL. من المحتوى المُراجع سابقًا؛ لا توجد علة واضحة تستدعي الحذف.
ORIGINAL,KEEP,judge,القاضي,complete-the-sentence,كمل الجملة,complete-the-sentence-7,prompt,لو فتحت مطعم، الشيء الممنوع فيه بيكون...,,ORIGINAL. من المحتوى المُراجع سابقًا؛ لا توجد علة واضحة تستدعي الحذف.
ORIGINAL,KEEP,judge,القاضي,complete-the-sentence,كمل الجملة,complete-the-sentence-8,prompt,أكثر شيء يخليك تعرف إن الطلعة فاشلة من بدايتها هو...,,ORIGINAL. من المحتوى المُراجع سابقًا؛ لا توجد علة واضحة تستدعي الحذف.
ORIGINAL,KEEP,judge,القاضي,complete-the-sentence,كمل الجملة,complete-the-sentence-9,prompt,لو كنت شرير في فيلم، خطتي الغبية بتكون...,,ORIGINAL. من المحتوى المُراجع سابقًا؛ لا توجد علة واضحة تستدعي الحذف.
ORIGINAL,KEEP,judge,القاضي,complete-the-sentence,كمل الجملة,complete-the-sentence-10,prompt,لو حياتي مسلسل، اسم الحلقة الحالية بيكون...,,ORIGINAL. من المحتوى المُراجع سابقًا؛ لا توجد علة واضحة تستدعي الحذف.
ORIGINAL,KEEP,judge,القاضي,complete-the-sentence,كمل الجملة,complete-the-sentence-11,prompt,الشيء اللي مستحيل أشارك أحد فيه هو...,,ORIGINAL. من المحتوى المُراجع سابقًا؛ لا توجد علة واضحة تستدعي الحذف.
ORIGINAL,KEEP,judge,القاضي,complete-the-sentence,كمل الجملة,complete-the-sentence-12,prompt,لو انحطيت في برنامج واقع، أول مشكلة بسويها هي...,,ORIGINAL. من المحتوى المُراجع سابقًا؛ لا توجد علة واضحة تستدعي الحذف.
ORIGINAL,KEEP,judge,القاضي,complete-the-sentence,كمل الجملة,complete-the-sentence-13,prompt,أغبى شيء ممكن أصير مشهور بسببه هو...,,ORIGINAL. من المحتوى المُراجع سابقًا؛ لا توجد علة واضحة تستدعي الحذف.
ORIGINAL,KEEP,judge,القاضي,complete-the-sentence,كمل الجملة,complete-the-sentence-14,prompt,لو عندي قانون خاص فيني، أول قانون بيكون...,,ORIGINAL. من المحتوى المُراجع سابقًا؛ لا توجد علة واضحة تستدعي الحذف.
ORIGINAL,KEEP,judge,القاضي,complete-the-sentence,كمل الجملة,complete-the-sentence-15,prompt,الشيء اللي لو صار اليوم بقول خلاص كفاية هو...,,ORIGINAL. من المحتوى المُراجع سابقًا؛ لا توجد علة واضحة تستدعي الحذف.
NEW,NEEDS_REVIEW,judge,القاضي,complete-the-sentence,كمل الجملة,complete-the-sentence-16,prompt,أكثر شيء يفضح إنك مو جاهز للطلعة هو...,,NEW. نبرة مناسبة غالبًا، لكن الفئة الأصلية مبنية على قوالب متكررة (وش أسوأ / اخترع / عطنا / لو). تأكد أنه موقف جديد لا إعادة صياغة.
NEW,NEEDS_REVIEW,judge,القاضي,complete-the-sentence,كمل الجملة,complete-the-sentence-17,prompt,لو انسرقت خمس دقايق من يومي، غالبًا انسرقت في...,,NEW. نبرة مناسبة غالبًا، لكن الفئة الأصلية مبنية على قوالب متكررة (وش أسوأ / اخترع / عطنا / لو). تأكد أنه موقف جديد لا إعادة صياغة.
NEW,NEEDS_REVIEW,judge,القاضي,complete-the-sentence,كمل الجملة,complete-the-sentence-18,prompt,الشيء اللي يخليني أغيّر المطعم فورًا هو...,,NEW. نبرة مناسبة غالبًا، لكن الفئة الأصلية مبنية على قوالب متكررة (وش أسوأ / اخترع / عطنا / لو). تأكد أنه موقف جديد لا إعادة صياغة.
NEW,KEEP,judge,القاضي,complete-the-sentence,كمل الجملة,complete-the-sentence-19,prompt,لو حياتي لعبة فيديو، مستوى الصعوبة الحالي هو...,,NEW. موقف مميز عن الأصل؛ يبقى أقل ثقة من المحتوى المُراجع حتى تمرير المالك.
NEW,NEEDS_REVIEW,judge,القاضي,complete-the-sentence,كمل الجملة,complete-the-sentence-20,prompt,أكثر جملة أسمعها وأنا أعرف إنها كذب هي...,,NEW. نبرة مناسبة غالبًا، لكن الفئة الأصلية مبنية على قوالب متكررة (وش أسوأ / اخترع / عطنا / لو). تأكد أنه موقف جديد لا إعادة صياغة.
NEW,NEEDS_REVIEW,judge,القاضي,complete-the-sentence,كمل الجملة,complete-the-sentence-21,prompt,لو انحطيت في إعلان، المنتج الغريب اللي أسوّقه هو...,,NEW. نبرة مناسبة غالبًا، لكن الفئة الأصلية مبنية على قوالب متكررة (وش أسوأ / اخترع / عطنا / لو). تأكد أنه موقف جديد لا إعادة صياغة.
NEW,NEEDS_REVIEW,judge,القاضي,complete-the-sentence,كمل الجملة,complete-the-sentence-22,prompt,الشيء اللي يخليني أطفّي البث فورًا هو...,,NEW. نبرة مناسبة غالبًا، لكن الفئة الأصلية مبنية على قوالب متكررة (وش أسوأ / اخترع / عطنا / لو). تأكد أنه موقف جديد لا إعادة صياغة.
NEW,NEEDS_REVIEW,judge,القاضي,complete-the-sentence,كمل الجملة,complete-the-sentence-23,prompt,لو كنت تطبيق، سبب حذفي من الجوال بيكون...,,NEW. نبرة مناسبة غالبًا، لكن الفئة الأصلية مبنية على قوالب متكررة (وش أسوأ / اخترع / عطنا / لو). تأكد أنه موقف جديد لا إعادة صياغة.
NEW,NEEDS_REVIEW,judge,القاضي,complete-the-sentence,كمل الجملة,complete-the-sentence-24,prompt,أسوأ وقت يجيني فيه جوع مفاجئ هو...,,NEW. نبرة مناسبة غالبًا، لكن الفئة الأصلية مبنية على قوالب متكررة (وش أسوأ / اخترع / عطنا / لو). تأكد أنه موقف جديد لا إعادة صياغة.
NEW,NEEDS_REVIEW,judge,القاضي,complete-the-sentence,كمل الجملة,complete-the-sentence-25,prompt,لو انكتب على قبري شيء صادق، بيكون...,,NEW. «لو انكتب على قبري» أثقل من نبرة الحفلة.
NEW,NEEDS_REVIEW,judge,القاضي,complete-the-sentence,كمل الجملة,complete-the-sentence-26,prompt,أكثر شيء يخليني أمدح أكلة وأنا كذاب هو...,,NEW. نبرة مناسبة غالبًا، لكن الفئة الأصلية مبنية على قوالب متكررة (وش أسوأ / اخترع / عطنا / لو). تأكد أنه موقف جديد لا إعادة صياغة.
NEW,NEEDS_REVIEW,judge,القاضي,complete-the-sentence,كمل الجملة,complete-the-sentence-27,prompt,لو صرت واي فاي، الباسورد حقي بيكون...,,NEW. نبرة مناسبة غالبًا، لكن الفئة الأصلية مبنية على قوالب متكررة (وش أسوأ / اخترع / عطنا / لو). تأكد أنه موقف جديد لا إعادة صياغة.
NEW,NEEDS_REVIEW,judge,القاضي,complete-the-sentence,كمل الجملة,complete-the-sentence-28,prompt,الشيء اللي يخليني أوقف السلسلة من حلقة هو...,,NEW. نبرة مناسبة غالبًا، لكن الفئة الأصلية مبنية على قوالب متكررة (وش أسوأ / اخترع / عطنا / لو). تأكد أنه موقف جديد لا إعادة صياغة.
NEW,NEEDS_REVIEW,judge,القاضي,complete-the-sentence,كمل الجملة,complete-the-sentence-29,prompt,لو كان ليوم الخميس شعار، شعاري هو...,,NEW. نبرة مناسبة غالبًا، لكن الفئة الأصلية مبنية على قوالب متكررة (وش أسوأ / اخترع / عطنا / لو). تأكد أنه موقف جديد لا إعادة صياغة.
NEW,NEEDS_REVIEW,judge,القاضي,complete-the-sentence,كمل الجملة,complete-the-sentence-30,prompt,أكثر شيء يثبت إن القروب انفك هو...,,NEW. نبرة مناسبة غالبًا، لكن الفئة الأصلية مبنية على قوالب متكررة (وش أسوأ / اخترع / عطنا / لو). تأكد أنه موقف جديد لا إعادة صياغة.
ORIGINAL,KEEP,judge,القاضي,rapid-response,تحديات الرد السريع,rapid-response-1,prompt,عطنا سبب غبي يخليك تطرد شخص من القروب.,,ORIGINAL. من المحتوى المُراجع سابقًا؛ لا توجد علة واضحة تستدعي الحذف.
ORIGINAL,KEEP,judge,القاضي,rapid-response,تحديات الرد السريع,rapid-response-2,prompt,عطنا اسم Wi-Fi يخلي الجيران يشكون فيك.,,ORIGINAL. من المحتوى المُراجع سابقًا؛ لا توجد علة واضحة تستدعي الحذف.
ORIGINAL,KEEP,judge,القاضي,rapid-response,تحديات الرد السريع,rapid-response-3,prompt,عطنا اسم فيلم عن حياتك.,,ORIGINAL. من المحتوى المُراجع سابقًا؛ لا توجد علة واضحة تستدعي الحذف.
ORIGINAL,KEEP,judge,القاضي,rapid-response,تحديات الرد السريع,rapid-response-4,prompt,عطنا لقب سيئ جدًا لصاحبك.,,ORIGINAL. من المحتوى المُراجع سابقًا؛ لا توجد علة واضحة تستدعي الحذف.
ORIGINAL,KEEP,judge,القاضي,rapid-response,تحديات الرد السريع,rapid-response-5,prompt,عطنا جملة تخرب أي موعد رومانسي.,,ORIGINAL. من المحتوى المُراجع سابقًا؛ لا توجد علة واضحة تستدعي الحذف.
ORIGINAL,KEEP,judge,القاضي,rapid-response,تحديات الرد السريع,rapid-response-6,prompt,عطنا شيء غريب تحطه في حقيبة سفر.,,ORIGINAL. من المحتوى المُراجع سابقًا؛ لا توجد علة واضحة تستدعي الحذف.
ORIGINAL,KEEP,judge,القاضي,rapid-response,تحديات الرد السريع,rapid-response-7,prompt,عطنا اسم كوفي مستحيل تدخله.,,ORIGINAL. من المحتوى المُراجع سابقًا؛ لا توجد علة واضحة تستدعي الحذف.
ORIGINAL,KEEP,judge,القاضي,rapid-response,تحديات الرد السريع,rapid-response-8,prompt,عطنا شيء تشتريه لو كنت مليونيرًا بشكل غير مسؤول.,,ORIGINAL. من المحتوى المُراجع سابقًا؛ لا توجد علة واضحة تستدعي الحذف.
ORIGINAL,KEEP,judge,القاضي,rapid-response,تحديات الرد السريع,rapid-response-9,prompt,عطنا سبب غريب جدًا يمنعك من الزواج.,,ORIGINAL. من المحتوى المُراجع سابقًا؛ لا توجد علة واضحة تستدعي الحذف.
ORIGINAL,KEEP,judge,القاضي,rapid-response,تحديات الرد السريع,rapid-response-10,prompt,عطنا شيء لو شفته في بيت شخص بتطلع فورًا.,,ORIGINAL. من المحتوى المُراجع سابقًا؛ لا توجد علة واضحة تستدعي الحذف.
ORIGINAL,KEEP,judge,القاضي,rapid-response,تحديات الرد السريع,rapid-response-11,prompt,عطنا اسم وظيفة تتوقع ما تصمد فيها يوم.,,ORIGINAL. من المحتوى المُراجع سابقًا؛ لا توجد علة واضحة تستدعي الحذف.
ORIGINAL,KEEP,judge,القاضي,rapid-response,تحديات الرد السريع,rapid-response-12,prompt,عطنا شيء محد المفروض يقوله في جنازة.,,ORIGINAL. من المحتوى المُراجع سابقًا؛ لا توجد علة واضحة تستدعي الحذف.
ORIGINAL,KEEP,judge,القاضي,rapid-response,تحديات الرد السريع,rapid-response-13,prompt,عطنا شيء ما ينفع أبدًا يكون اسم طفل.,,ORIGINAL. من المحتوى المُراجع سابقًا؛ لا توجد علة واضحة تستدعي الحذف.
ORIGINAL,KEEP,judge,القاضي,rapid-response,تحديات الرد السريع,rapid-response-14,prompt,عطنا سبب يخليك تنسحب من طلعة بعد ما وصلت.,,ORIGINAL. من المحتوى المُراجع سابقًا؛ لا توجد علة واضحة تستدعي الحذف.
ORIGINAL,KEEP,judge,القاضي,rapid-response,تحديات الرد السريع,rapid-response-15,prompt,عطنا شيء ممكن يخرب قروب أصدقاء كامل.,,ORIGINAL. من المحتوى المُراجع سابقًا؛ لا توجد علة واضحة تستدعي الحذف.
NEW,NEEDS_REVIEW,judge,القاضي,rapid-response,تحديات الرد السريع,rapid-response-16,prompt,عطنا سبب غريب تغيّب فيه عن العمل.,,NEW. نبرة مناسبة غالبًا، لكن الفئة الأصلية مبنية على قوالب متكررة (وش أسوأ / اخترع / عطنا / لو). تأكد أنه موقف جديد لا إعادة صياغة.
NEW,NEEDS_REVIEW,judge,القاضي,rapid-response,تحديات الرد السريع,rapid-response-17,prompt,عطنا اسم بقالة تخوف الزبائن.,,NEW. نبرة مناسبة غالبًا، لكن الفئة الأصلية مبنية على قوالب متكررة (وش أسوأ / اخترع / عطنا / لو). تأكد أنه موقف جديد لا إعادة صياغة.
NEW,NEAR_DUPLICATE,judge,القاضي,rapid-response,تحديات الرد السريع,rapid-response-18,prompt,عطنا شيء ما ينقال في مصعد فيه ناس.,,NEW. شيء لا يُقال في مصعد قريب من worst-answer-16 (المصعد مع المدير).
NEW,KEEP,judge,القاضي,rapid-response,تحديات الرد السريع,rapid-response-19,prompt,عطنا لقب لسيارتك لو كانت شخص.,,NEW. موقف مميز عن الأصل؛ يبقى أقل ثقة من المحتوى المُراجع حتى تمرير المالك.
NEW,NEEDS_REVIEW,judge,القاضي,rapid-response,تحديات الرد السريع,rapid-response-20,prompt,عطنا شيء تطلبه من الذكاء الاصطناعي وما ينفع.,,NEW. نبرة مناسبة غالبًا، لكن الفئة الأصلية مبنية على قوالب متكررة (وش أسوأ / اخترع / عطنا / لو). تأكد أنه موقف جديد لا إعادة صياغة.
NEW,NEEDS_REVIEW,judge,القاضي,rapid-response,تحديات الرد السريع,rapid-response-21,prompt,عطنا سبب تطفّي فيه اللعبة وأنت رابح.,,NEW. نبرة مناسبة غالبًا، لكن الفئة الأصلية مبنية على قوالب متكررة (وش أسوأ / اخترع / عطنا / لو). تأكد أنه موقف جديد لا إعادة صياغة.
NEW,NEEDS_REVIEW,judge,القاضي,rapid-response,تحديات الرد السريع,rapid-response-22,prompt,عطنا جملة تخلي النادل يندم إنه سأل.,,NEW. نبرة مناسبة غالبًا، لكن الفئة الأصلية مبنية على قوالب متكررة (وش أسوأ / اخترع / عطنا / لو). تأكد أنه موقف جديد لا إعادة صياغة.
NEW,NEEDS_REVIEW,judge,القاضي,rapid-response,تحديات الرد السريع,rapid-response-23,prompt,عطنا شيء تحطه في الثلاجة وما له مكان.,,NEW. نبرة مناسبة غالبًا، لكن الفئة الأصلية مبنية على قوالب متكررة (وش أسوأ / اخترع / عطنا / لو). تأكد أنه موقف جديد لا إعادة صياغة.
NEW,NEEDS_REVIEW,judge,القاضي,rapid-response,تحديات الرد السريع,rapid-response-24,prompt,عطنا اسم نادي رياضي محد يسجّل فيه.,,NEW. نبرة مناسبة غالبًا، لكن الفئة الأصلية مبنية على قوالب متكررة (وش أسوأ / اخترع / عطنا / لو). تأكد أنه موقف جديد لا إعادة صياغة.
NEW,NEEDS_REVIEW,judge,القاضي,rapid-response,تحديات الرد السريع,rapid-response-25,prompt,عطنا شيء لو صار في الرحلة تلغي التذكرة.,,NEW. نبرة مناسبة غالبًا، لكن الفئة الأصلية مبنية على قوالب متكررة (وش أسوأ / اخترع / عطنا / لو). تأكد أنه موقف جديد لا إعادة صياغة.
NEW,NEEDS_REVIEW,judge,القاضي,rapid-response,تحديات الرد السريع,rapid-response-26,prompt,عطنا سبب ترفض فيه دعوة عشاء آخر لحظة.,,NEW. نبرة مناسبة غالبًا، لكن الفئة الأصلية مبنية على قوالب متكررة (وش أسوأ / اخترع / عطنا / لو). تأكد أنه موقف جديد لا إعادة صياغة.
NEW,NEEDS_REVIEW,judge,القاضي,rapid-response,تحديات الرد السريع,rapid-response-27,prompt,عطنا شيء ما ينكتب في بايو السناب.,,NEW. نبرة مناسبة غالبًا، لكن الفئة الأصلية مبنية على قوالب متكررة (وش أسوأ / اخترع / عطنا / لو). تأكد أنه موقف جديد لا إعادة صياغة.
NEW,NEEDS_REVIEW,judge,القاضي,rapid-response,تحديات الرد السريع,rapid-response-28,prompt,عطنا اسم فلتر كاميرا يخرّب الصور.,,NEW. نبرة مناسبة غالبًا، لكن الفئة الأصلية مبنية على قوالب متكررة (وش أسوأ / اخترع / عطنا / لو). تأكد أنه موقف جديد لا إعادة صياغة.
NEW,NEEDS_REVIEW,judge,القاضي,rapid-response,تحديات الرد السريع,rapid-response-29,prompt,عطنا شيء تسمعه في المكالمة وتسكّر فورًا.,,NEW. نبرة مناسبة غالبًا، لكن الفئة الأصلية مبنية على قوالب متكررة (وش أسوأ / اخترع / عطنا / لو). تأكد أنه موقف جديد لا إعادة صياغة.
NEW,NEEDS_REVIEW,judge,القاضي,rapid-response,تحديات الرد السريع,rapid-response-30,prompt,عطنا سبب تخلي فيه الجوال على صامت للأبد.,,NEW. نبرة مناسبة غالبًا، لكن الفئة الأصلية مبنية على قوالب متكررة (وش أسوأ / اخترع / عطنا / لو). تأكد أنه موقف جديد لا إعادة صياغة.
ORIGINAL,KEEP,guessing-challenge,تحدي التخمين,animals,حيوانات,animals-1,identity,أسد,أسد | Lion,ORIGINAL. من المحتوى المُراجع سابقًا؛ لا توجد علة واضحة تستدعي الحذف.
ORIGINAL,KEEP,guessing-challenge,تحدي التخمين,animals,حيوانات,animals-2,identity,نمر,نمر | Tiger,ORIGINAL. من المحتوى المُراجع سابقًا؛ لا توجد علة واضحة تستدعي الحذف.
ORIGINAL,KEEP,guessing-challenge,تحدي التخمين,animals,حيوانات,animals-3,identity,فيل,فيل | Elephant,ORIGINAL. من المحتوى المُراجع سابقًا؛ لا توجد علة واضحة تستدعي الحذف.
ORIGINAL,KEEP,guessing-challenge,تحدي التخمين,animals,حيوانات,animals-4,identity,زرافة,زرافة | Giraffe,ORIGINAL. من المحتوى المُراجع سابقًا؛ لا توجد علة واضحة تستدعي الحذف.
ORIGINAL,KEEP,guessing-challenge,تحدي التخمين,animals,حيوانات,animals-5,identity,قرد,قرد,ORIGINAL. من المحتوى المُراجع سابقًا؛ لا توجد علة واضحة تستدعي الحذف.
ORIGINAL,KEEP,guessing-challenge,تحدي التخمين,animals,حيوانات,animals-6,identity,دب,دب,ORIGINAL. من المحتوى المُراجع سابقًا؛ لا توجد علة واضحة تستدعي الحذف.
ORIGINAL,KEEP,guessing-challenge,تحدي التخمين,animals,حيوانات,animals-7,identity,ذئب,ذئب,ORIGINAL. من المحتوى المُراجع سابقًا؛ لا توجد علة واضحة تستدعي الحذف.
ORIGINAL,KEEP,guessing-challenge,تحدي التخمين,animals,حيوانات,animals-8,identity,ثعلب,ثعلب,ORIGINAL. من المحتوى المُراجع سابقًا؛ لا توجد علة واضحة تستدعي الحذف.
ORIGINAL,KEEP,guessing-challenge,تحدي التخمين,animals,حيوانات,animals-9,identity,أرنب,أرنب,ORIGINAL. من المحتوى المُراجع سابقًا؛ لا توجد علة واضحة تستدعي الحذف.
ORIGINAL,KEEP,guessing-challenge,تحدي التخمين,animals,حيوانات,animals-10,identity,جمل,جمل,ORIGINAL. من المحتوى المُراجع سابقًا؛ لا توجد علة واضحة تستدعي الحذف.
ORIGINAL,KEEP,guessing-challenge,تحدي التخمين,animals,حيوانات,animals-11,identity,حصان,حصان,ORIGINAL. من المحتوى المُراجع سابقًا؛ لا توجد علة واضحة تستدعي الحذف.
ORIGINAL,KEEP,guessing-challenge,تحدي التخمين,animals,حيوانات,animals-12,identity,تمساح,تمساح,ORIGINAL. من المحتوى المُراجع سابقًا؛ لا توجد علة واضحة تستدعي الحذف.
ORIGINAL,KEEP,guessing-challenge,تحدي التخمين,animals,حيوانات,animals-13,identity,ثعبان,ثعبان,ORIGINAL. من المحتوى المُراجع سابقًا؛ لا توجد علة واضحة تستدعي الحذف.
ORIGINAL,KEEP,guessing-challenge,تحدي التخمين,animals,حيوانات,animals-14,identity,بطريق,بطريق,ORIGINAL. من المحتوى المُراجع سابقًا؛ لا توجد علة واضحة تستدعي الحذف.
ORIGINAL,KEEP,guessing-challenge,تحدي التخمين,animals,حيوانات,animals-15,identity,دلفين,دلفين,ORIGINAL. من المحتوى المُراجع سابقًا؛ لا توجد علة واضحة تستدعي الحذف.
ORIGINAL,KEEP,guessing-challenge,تحدي التخمين,animals,حيوانات,animals-16,identity,أخطبوط,أخطبوط,ORIGINAL. من المحتوى المُراجع سابقًا؛ لا توجد علة واضحة تستدعي الحذف.
ORIGINAL,KEEP,guessing-challenge,تحدي التخمين,animals,حيوانات,animals-17,identity,سلحفاة,سلحفاة,ORIGINAL. من المحتوى المُراجع سابقًا؛ لا توجد علة واضحة تستدعي الحذف.
ORIGINAL,KEEP,guessing-challenge,تحدي التخمين,animals,حيوانات,animals-18,identity,كنغر,كنغر,ORIGINAL. من المحتوى المُراجع سابقًا؛ لا توجد علة واضحة تستدعي الحذف.
ORIGINAL,KEEP,guessing-challenge,تحدي التخمين,animals,حيوانات,animals-19,identity,باندا,باندا,ORIGINAL. من المحتوى المُراجع سابقًا؛ لا توجد علة واضحة تستدعي الحذف.
ORIGINAL,KEEP,guessing-challenge,تحدي التخمين,animals,حيوانات,animals-20,identity,حوت أزرق,حوت أزرق | الحوت الأزرق,ORIGINAL. من المحتوى المُراجع سابقًا؛ لا توجد علة واضحة تستدعي الحذف.
NEW,NEEDS_REVIEW,guessing-challenge,تحدي التخمين,animals,حيوانات,animals-owl,identity,بومة,بومة | Owl,NEW. لم يُراجع بشريًا بعد. لا يُعامل كالمحتوى الأصلي المُختار حتى تمرير المالك.
NEW,NEEDS_REVIEW,guessing-challenge,تحدي التخمين,animals,حيوانات,animals-hedgehog,identity,قنفذ,قنفذ | Hedgehog,NEW. لم يُراجع بشريًا بعد. لا يُعامل كالمحتوى الأصلي المُختار حتى تمرير المالك.
NEW,NEEDS_REVIEW,guessing-challenge,تحدي التخمين,animals,حيوانات,animals-peacock,identity,طاووس,طاووس | Peacock,NEW. لم يُراجع بشريًا بعد. لا يُعامل كالمحتوى الأصلي المُختار حتى تمرير المالك.
NEW,NEEDS_REVIEW,guessing-challenge,تحدي التخمين,animals,حيوانات,animals-koala,identity,كوالا,كوالا | Koala,NEW. لم يُراجع بشريًا بعد. لا يُعامل كالمحتوى الأصلي المُختار حتى تمرير المالك.
NEW,NEEDS_REVIEW,guessing-challenge,تحدي التخمين,animals,حيوانات,animals-hippo,identity,فرس النهر,فرس النهر | Hippo,NEW. لم يُراجع بشريًا بعد. لا يُعامل كالمحتوى الأصلي المُختار حتى تمرير المالك.
NEW,NEEDS_REVIEW,guessing-challenge,تحدي التخمين,animals,حيوانات,animals-rhino,identity,وحيد القرن,وحيد القرن | Rhino,NEW. لم يُراجع بشريًا بعد. لا يُعامل كالمحتوى الأصلي المُختار حتى تمرير المالك.
NEW,NEEDS_REVIEW,guessing-challenge,تحدي التخمين,animals,حيوانات,animals-bat,identity,خفاش,خفاش | Bat,NEW. لم يُراجع بشريًا بعد. لا يُعامل كالمحتوى الأصلي المُختار حتى تمرير المالك.
NEW,NEEDS_REVIEW,guessing-challenge,تحدي التخمين,animals,حيوانات,animals-falcon,identity,صقر,صقر | Falcon,NEW. لم يُراجع بشريًا بعد. لا يُعامل كالمحتوى الأصلي المُختار حتى تمرير المالك.
NEW,NEEDS_REVIEW,guessing-challenge,تحدي التخمين,animals,حيوانات,animals-hyena,identity,ضبع,ضبع | Hyena,NEW. لم يُراجع بشريًا بعد. لا يُعامل كالمحتوى الأصلي المُختار حتى تمرير المالك.
NEW,NEAR_DUPLICATE,guessing-challenge,تحدي التخمين,animals,حيوانات,animals-orca,identity,أوركا,أوركا | الحوت القاتل | Orca,NEW. أوركا/حوت قاتل بجانب الحوت الأزرق الأصلي — نفس عائلة الحيتان.
NEW,NEEDS_REVIEW,guessing-challenge,تحدي التخمين,animals,حيوانات,animals-hamster,identity,هامستر,هامستر | Hamster,NEW. حيوان صحيح لكن أقرب للحشو من إضافة شخصية قوية للفئة.
NEW,NEEDS_REVIEW,guessing-challenge,تحدي التخمين,animals,حيوانات,animals-gazelle,identity,غزال,غزال | Gazelle,NEW. لم يُراجع بشريًا بعد. لا يُعامل كالمحتوى الأصلي المُختار حتى تمرير المالك.
NEW,NEAR_DUPLICATE,guessing-challenge,تحدي التخمين,animals,حيوانات,animals-cheetah,identity,فهد,فهد | Cheetah,NEW. فهد بجانب أسد/نمر الأصليين — قطة كبيرة إضافية.
NEW,NEEDS_REVIEW,guessing-challenge,تحدي التخمين,animals,حيوانات,animals-parrot,identity,ببغاء,ببغاء | Parrot,NEW. لم يُراجع بشريًا بعد. لا يُعامل كالمحتوى الأصلي المُختار حتى تمرير المالك.
NEW,NEEDS_REVIEW,guessing-challenge,تحدي التخمين,animals,حيوانات,animals-frog,identity,ضفدع,ضفدع | Frog,NEW. حيوان صحيح لكن أقرب للحشو من إضافة شخصية قوية للفئة.
NEW,NEEDS_REVIEW,guessing-challenge,تحدي التخمين,animals,حيوانات,animals-bee,identity,نحلة,نحلة | Bee,NEW. حيوان صحيح لكن أقرب للحشو من إضافة شخصية قوية للفئة.
NEW,NEEDS_REVIEW,guessing-challenge,تحدي التخمين,animals,حيوانات,animals-butterfly,identity,فراشة,فراشة | Butterfly,NEW. لم يُراجع بشريًا بعد. لا يُعامل كالمحتوى الأصلي المُختار حتى تمرير المالك.
NEW,NEEDS_REVIEW,guessing-challenge,تحدي التخمين,animals,حيوانات,animals-ant,identity,نملة,نملة | Ant,NEW. لم يُراجع بشريًا بعد. لا يُعامل كالمحتوى الأصلي المُختار حتى تمرير المالك.
NEW,NEAR_DUPLICATE,guessing-challenge,تحدي التخمين,animals,حيوانات,animals-lioness,identity,لبوة,لبوة | Lioness,NEW. لبوة بجانب أسد في نفس الفئة.
NEW,NEEDS_REVIEW,guessing-challenge,تحدي التخمين,animals,حيوانات,animals-seahorse,identity,حصان البحر,حصان البحر | Seahorse,NEW. لم يُراجع بشريًا بعد. لا يُعامل كالمحتوى الأصلي المُختار حتى تمرير المالك.
ORIGINAL,KEEP,guessing-challenge,تحدي التخمين,food,أكلات,food-1,identity,بيتزا,بيتزا | Pizza,ORIGINAL. من المحتوى المُراجع سابقًا؛ لا توجد علة واضحة تستدعي الحذف.
ORIGINAL,KEEP,guessing-challenge,تحدي التخمين,food,أكلات,food-2,identity,برغر,برغر | برجر | Burger,ORIGINAL. من المحتوى المُراجع سابقًا؛ لا توجد علة واضحة تستدعي الحذف.
ORIGINAL,KEEP,guessing-challenge,تحدي التخمين,food,أكلات,food-3,identity,شاورما,شاورما | Shawarma,ORIGINAL. من المحتوى المُراجع سابقًا؛ لا توجد علة واضحة تستدعي الحذف.
ORIGINAL,KEEP,guessing-challenge,تحدي التخمين,food,أكلات,food-4,identity,كبسة,كبسة | Kabsa,ORIGINAL. من المحتوى المُراجع سابقًا؛ لا توجد علة واضحة تستدعي الحذف.
ORIGINAL,KEEP,guessing-challenge,تحدي التخمين,food,أكلات,food-5,identity,مندي,مندي,ORIGINAL. من المحتوى المُراجع سابقًا؛ لا توجد علة واضحة تستدعي الحذف.
ORIGINAL,KEEP,guessing-challenge,تحدي التخمين,food,أكلات,food-6,identity,فلافل,فلافل | طعمية,ORIGINAL. من المحتوى المُراجع سابقًا؛ لا توجد علة واضحة تستدعي الحذف.
ORIGINAL,KEEP,guessing-challenge,تحدي التخمين,food,أكلات,food-7,identity,حمص,حمص,ORIGINAL. من المحتوى المُراجع سابقًا؛ لا توجد علة واضحة تستدعي الحذف.
ORIGINAL,KEEP,guessing-challenge,تحدي التخمين,food,أكلات,food-8,identity,كنافة,كنافة,ORIGINAL. من المحتوى المُراجع سابقًا؛ لا توجد علة واضحة تستدعي الحذف.
ORIGINAL,KEEP,guessing-challenge,تحدي التخمين,food,أكلات,food-9,identity,سوشي,سوشي | Sushi,ORIGINAL. من المحتوى المُراجع سابقًا؛ لا توجد علة واضحة تستدعي الحذف.
ORIGINAL,KEEP,guessing-challenge,تحدي التخمين,food,أكلات,food-10,identity,آيس كريم,آيس كريم | مثلجات | Ice cream,ORIGINAL. من المحتوى المُراجع سابقًا؛ لا توجد علة واضحة تستدعي الحذف.
ORIGINAL,KEEP,guessing-challenge,تحدي التخمين,food,أكلات,food-11,identity,دونات,دونات | دونت | Donut | Doughnut,ORIGINAL. من المحتوى المُراجع سابقًا؛ لا توجد علة واضحة تستدعي الحذف.
ORIGINAL,KEEP,guessing-challenge,تحدي التخمين,food,أكلات,food-12,identity,بان كيك,بان كيك | Pancake | Pancakes,ORIGINAL. من المحتوى المُراجع سابقًا؛ لا توجد علة واضحة تستدعي الحذف.
ORIGINAL,KEEP,guessing-challenge,تحدي التخمين,food,أكلات,food-13,identity,وافل,وافل | Waffle | Waffles,ORIGINAL. من المحتوى المُراجع سابقًا؛ لا توجد علة واضحة تستدعي الحذف.
ORIGINAL,KEEP,guessing-challenge,تحدي التخمين,food,أكلات,food-14,identity,سمبوسة,سمبوسة | سمبوسك | Samosa,ORIGINAL. من المحتوى المُراجع سابقًا؛ لا توجد علة واضحة تستدعي الحذف.
ORIGINAL,KEEP,guessing-challenge,تحدي التخمين,food,أكلات,food-15,identity,تشيز كيك,تشيز كيك | Cheesecake | Cheese cake,ORIGINAL. من المحتوى المُراجع سابقًا؛ لا توجد علة واضحة تستدعي الحذف.
ORIGINAL,KEEP,guessing-challenge,تحدي التخمين,food,أكلات,food-16,identity,بطيخ,بطيخ | حبحب,ORIGINAL. من المحتوى المُراجع سابقًا؛ لا توجد علة واضحة تستدعي الحذف.
ORIGINAL,KEEP,guessing-challenge,تحدي التخمين,food,أكلات,food-17,identity,أناناس,أناناس | Pineapple,ORIGINAL. من المحتوى المُراجع سابقًا؛ لا توجد علة واضحة تستدعي الحذف.
ORIGINAL,KEEP,guessing-challenge,تحدي التخمين,food,أكلات,food-18,identity,فراولة,فراولة | Strawberry,ORIGINAL. من المحتوى المُراجع سابقًا؛ لا توجد علة واضحة تستدعي الحذف.
ORIGINAL,KEEP,guessing-challenge,تحدي التخمين,food,أكلات,food-19,identity,فشار,فشار | بوشار | Popcorn,ORIGINAL. من المحتوى المُراجع سابقًا؛ لا توجد علة واضحة تستدعي الحذف.
ORIGINAL,KEEP,guessing-challenge,تحدي التخمين,food,أكلات,food-20,identity,شوكولاتة,شوكولاتة,ORIGINAL. من المحتوى المُراجع سابقًا؛ لا توجد علة واضحة تستدعي الحذف.
NEW,KEEP,guessing-challenge,تحدي التخمين,food,أكلات,food-harees,identity,هريس,هريس | Harees,NEW. عنصر قوي مبدئيًا (واضح، شائع، أو خليجي مميز). ليس توقيعًا نهائيًا — أقل ثقة من الأصل.
NEW,NEAR_DUPLICATE,guessing-challenge,تحدي التخمين,food,أكلات,food-jareesh,identity,جريش,جريش | Jareesh,NEW. جريش بجانب هريس — قمح مهروس خليجي متقارب جدًا.
NEW,NEEDS_REVIEW,guessing-challenge,تحدي التخمين,food,أكلات,food-masoub,identity,معصوب,معصوب | Masoub,NEW. لم يُراجع بشريًا بعد. لا يُعامل كالمحتوى الأصلي المُختار حتى تمرير المالك.
NEW,NEEDS_REVIEW,guessing-challenge,تحدي التخمين,food,أكلات,food-dates,identity,تمر,تمر | Dates,NEW. لم يُراجع بشريًا بعد. لا يُعامل كالمحتوى الأصلي المُختار حتى تمرير المالك.
NEW,KEEP,guessing-challenge,تحدي التخمين,food,أكلات,food-mutabbaq,identity,مطبق,مطبق | Mutabbaq,NEW. عنصر قوي مبدئيًا (واضح، شائع، أو خليجي مميز). ليس توقيعًا نهائيًا — أقل ثقة من الأصل.
NEW,KEEP,guessing-challenge,تحدي التخمين,food,أكلات,food-mansaf,identity,منسف,منسف | Mansaf,NEW. عنصر قوي مبدئيًا (واضح، شائع، أو خليجي مميز). ليس توقيعًا نهائيًا — أقل ثقة من الأصل.
NEW,KEEP,guessing-challenge,تحدي التخمين,food,أكلات,food-koshari,identity,كشري,كشري | Koshari,NEW. عنصر قوي مبدئيًا (واضح، شائع، أو خليجي مميز). ليس توقيعًا نهائيًا — أقل ثقة من الأصل.
NEW,NEEDS_REVIEW,guessing-challenge,تحدي التخمين,food,أكلات,food-molokhia,identity,ملوخية,ملوخية | Molokhia,NEW. لم يُراجع بشريًا بعد. لا يُعامل كالمحتوى الأصلي المُختار حتى تمرير المالك.
NEW,NEEDS_REVIEW,guessing-challenge,تحدي التخمين,food,أكلات,food-biryani,identity,برياني,برياني | Biryani,NEW. لم يُراجع بشريًا بعد. لا يُعامل كالمحتوى الأصلي المُختار حتى تمرير المالك.
NEW,NEEDS_REVIEW,guessing-challenge,تحدي التخمين,food,أكلات,food-luqaimat,identity,لقيمات,لقيمات | Luqaimat,NEW. لم يُراجع بشريًا بعد. لا يُعامل كالمحتوى الأصلي المُختار حتى تمرير المالك.
NEW,NEEDS_REVIEW,guessing-challenge,تحدي التخمين,food,أكلات,food-basbousa,identity,بسبوسة,بسبوسة | Basbousa,NEW. لم يُراجع بشريًا بعد. لا يُعامل كالمحتوى الأصلي المُختار حتى تمرير المالك.
NEW,NEEDS_REVIEW,guessing-challenge,تحدي التخمين,food,أكلات,food-areeka,identity,عريكة,عريكة | Areeka,NEW. لم يُراجع بشريًا بعد. لا يُعامل كالمحتوى الأصلي المُختار حتى تمرير المالك.
NEW,KEEP,guessing-challenge,تحدي التخمين,food,أكلات,food-karak,identity,شاي كرك,شاي كرك | كرك | Karak,NEW. عنصر قوي مبدئيًا (واضح، شائع، أو خليجي مميز). ليس توقيعًا نهائيًا — أقل ثقة من الأصل.
NEW,NEEDS_REVIEW,guessing-challenge,تحدي التخمين,food,أكلات,food-labneh,identity,لبنة,لبنة | Labneh,NEW. لم يُراجع بشريًا بعد. لا يُعامل كالمحتوى الأصلي المُختار حتى تمرير المالك.
NEW,NEEDS_REVIEW,guessing-challenge,تحدي التخمين,food,أكلات,food-olive,identity,زيتون,زيتون | Olive,NEW. لم يُراجع بشريًا بعد. لا يُعامل كالمحتوى الأصلي المُختار حتى تمرير المالك.
NEW,NEEDS_REVIEW,guessing-challenge,تحدي التخمين,food,أكلات,food-pasta,identity,معكرونة,معكرونة | باستا | Pasta,NEW. عنصر عام/فضفاض. قد يُرسم أو يُخمَّن بأي شيء، أو يكرّر مفهومًا أبسط من الأصل.
NEW,NEEDS_REVIEW,guessing-challenge,تحدي التخمين,food,أكلات,food-apple,identity,تفاح,تفاح | Apple,NEW. حشو فواكه عامة. الأصل تجنّب تحويل الفئة إلى قائمة بقالة.
NEW,NEEDS_REVIEW,guessing-challenge,تحدي التخمين,food,أكلات,food-banana,identity,موز,موز | Banana,NEW. حشو فواكه عامة. الأصل تجنّب تحويل الفئة إلى قائمة بقالة.
NEW,NEEDS_REVIEW,guessing-challenge,تحدي التخمين,food,أكلات,food-mango,identity,مانجو,مانجو | Mango,NEW. حشو فواكه عامة. الأصل تجنّب تحويل الفئة إلى قائمة بقالة.
NEW,FIX,guessing-challenge,تحدي التخمين,food,أكلات,food-arabic-coffee,identity,قهوة عربية,قهوة عربية | قهوة | Coffee,NEW. الهوية «قهوة عربية» وتقبل «قهوة» — واسع.
ORIGINAL,KEEP,guessing-challenge,تحدي التخمين,countries,بلدان,countries-1,identity,السعودية,السعودية | المملكة العربية السعودية | Saudi Arabia,ORIGINAL. من المحتوى المُراجع سابقًا؛ لا توجد علة واضحة تستدعي الحذف.
ORIGINAL,KEEP,guessing-challenge,تحدي التخمين,countries,بلدان,countries-2,identity,الأردن,الأردن | Jordan,ORIGINAL. من المحتوى المُراجع سابقًا؛ لا توجد علة واضحة تستدعي الحذف.
ORIGINAL,KEEP,guessing-challenge,تحدي التخمين,countries,بلدان,countries-3,identity,مصر,مصر | Egypt,ORIGINAL. من المحتوى المُراجع سابقًا؛ لا توجد علة واضحة تستدعي الحذف.
ORIGINAL,KEEP,guessing-challenge,تحدي التخمين,countries,بلدان,countries-4,identity,الإمارات,الإمارات | الإمارات العربية المتحدة | UAE,ORIGINAL. من المحتوى المُراجع سابقًا؛ لا توجد علة واضحة تستدعي الحذف.
ORIGINAL,KEEP,guessing-challenge,تحدي التخمين,countries,بلدان,countries-5,identity,الكويت,الكويت | Kuwait,ORIGINAL. من المحتوى المُراجع سابقًا؛ لا توجد علة واضحة تستدعي الحذف.
ORIGINAL,KEEP,guessing-challenge,تحدي التخمين,countries,بلدان,countries-6,identity,قطر,قطر | Qatar,ORIGINAL. من المحتوى المُراجع سابقًا؛ لا توجد علة واضحة تستدعي الحذف.
ORIGINAL,KEEP,guessing-challenge,تحدي التخمين,countries,بلدان,countries-7,identity,البحرين,البحرين,ORIGINAL. من المحتوى المُراجع سابقًا؛ لا توجد علة واضحة تستدعي الحذف.
ORIGINAL,KEEP,guessing-challenge,تحدي التخمين,countries,بلدان,countries-8,identity,عُمان,عُمان | سلطنة عمان | Oman,ORIGINAL. أُصلح خطأ Amman. عُمان/Oman/سلطنة عمان مناسبة.
ORIGINAL,KEEP,guessing-challenge,تحدي التخمين,countries,بلدان,countries-9,identity,المغرب,المغرب,ORIGINAL. من المحتوى المُراجع سابقًا؛ لا توجد علة واضحة تستدعي الحذف.
ORIGINAL,KEEP,guessing-challenge,تحدي التخمين,countries,بلدان,countries-10,identity,تركيا,تركيا | Turkey,ORIGINAL. من المحتوى المُراجع سابقًا؛ لا توجد علة واضحة تستدعي الحذف.
ORIGINAL,KEEP,guessing-challenge,تحدي التخمين,countries,بلدان,countries-11,identity,اليابان,اليابان,ORIGINAL. من المحتوى المُراجع سابقًا؛ لا توجد علة واضحة تستدعي الحذف.
ORIGINAL,KEEP,guessing-challenge,تحدي التخمين,countries,بلدان,countries-12,identity,الصين,الصين,ORIGINAL. من المحتوى المُراجع سابقًا؛ لا توجد علة واضحة تستدعي الحذف.
ORIGINAL,KEEP,guessing-challenge,تحدي التخمين,countries,بلدان,countries-13,identity,الهند,الهند | India,ORIGINAL. من المحتوى المُراجع سابقًا؛ لا توجد علة واضحة تستدعي الحذف.
ORIGINAL,KEEP,guessing-challenge,تحدي التخمين,countries,بلدان,countries-14,identity,فرنسا,فرنسا | France,ORIGINAL. من المحتوى المُراجع سابقًا؛ لا توجد علة واضحة تستدعي الحذف.
ORIGINAL,KEEP,guessing-challenge,تحدي التخمين,countries,بلدان,countries-15,identity,إيطاليا,إيطاليا | Italy,ORIGINAL. من المحتوى المُراجع سابقًا؛ لا توجد علة واضحة تستدعي الحذف.
ORIGINAL,KEEP,guessing-challenge,تحدي التخمين,countries,بلدان,countries-16,identity,إسبانيا,إسبانيا | Spain,ORIGINAL. من المحتوى المُراجع سابقًا؛ لا توجد علة واضحة تستدعي الحذف.
ORIGINAL,KEEP,guessing-challenge,تحدي التخمين,countries,بلدان,countries-17,identity,ألمانيا,ألمانيا,ORIGINAL. من المحتوى المُراجع سابقًا؛ لا توجد علة واضحة تستدعي الحذف.
ORIGINAL,KEEP,guessing-challenge,تحدي التخمين,countries,بلدان,countries-18,identity,بريطانيا,بريطانيا | المملكة المتحدة | UK | United Kingdom,ORIGINAL. من المحتوى المُراجع سابقًا؛ لا توجد علة واضحة تستدعي الحذف.
ORIGINAL,KEEP,guessing-challenge,تحدي التخمين,countries,بلدان,countries-19,identity,أمريكا,أمريكا | الولايات المتحدة | USA | United States,ORIGINAL. من المحتوى المُراجع سابقًا؛ لا توجد علة واضحة تستدعي الحذف.
ORIGINAL,KEEP,guessing-challenge,تحدي التخمين,countries,بلدان,countries-20,identity,البرازيل,البرازيل,ORIGINAL. من المحتوى المُراجع سابقًا؛ لا توجد علة واضحة تستدعي الحذف.
NEW,NEEDS_REVIEW,guessing-challenge,تحدي التخمين,countries,بلدان,countries-canada,identity,كندا,كندا | Canada,NEW. لم يُراجع بشريًا بعد. لا يُعامل كالمحتوى الأصلي المُختار حتى تمرير المالك.
NEW,NEEDS_REVIEW,guessing-challenge,تحدي التخمين,countries,بلدان,countries-australia,identity,أستراليا,أستراليا | Australia,NEW. لم يُراجع بشريًا بعد. لا يُعامل كالمحتوى الأصلي المُختار حتى تمرير المالك.
NEW,NEEDS_REVIEW,guessing-challenge,تحدي التخمين,countries,بلدان,countries-mexico,identity,المكسيك,المكسيك | Mexico,NEW. لم يُراجع بشريًا بعد. لا يُعامل كالمحتوى الأصلي المُختار حتى تمرير المالك.
NEW,NEEDS_REVIEW,guessing-challenge,تحدي التخمين,countries,بلدان,countries-greece,identity,اليونان,اليونان | Greece,NEW. بلد إضافي بأسلوب قائمة أطلس أكثر من موضوع سالفة/تخمين ممتع.
NEW,NEEDS_REVIEW,guessing-challenge,تحدي التخمين,countries,بلدان,countries-portugal,identity,البرتغال,البرتغال | Portugal,NEW. بلد إضافي بأسلوب قائمة أطلس أكثر من موضوع سالفة/تخمين ممتع.
NEW,NEEDS_REVIEW,guessing-challenge,تحدي التخمين,countries,بلدان,countries-south-korea,identity,كوريا الجنوبية,كوريا الجنوبية | South Korea,NEW. لم يُراجع بشريًا بعد. لا يُعامل كالمحتوى الأصلي المُختار حتى تمرير المالك.
NEW,NEEDS_REVIEW,guessing-challenge,تحدي التخمين,countries,بلدان,countries-singapore,identity,سنغافورة,سنغافورة | Singapore,NEW. بلد إضافي بأسلوب قائمة أطلس أكثر من موضوع سالفة/تخمين ممتع.
NEW,NEEDS_REVIEW,guessing-challenge,تحدي التخمين,countries,بلدان,countries-argentina,identity,الأرجنتين,الأرجنتين | Argentina,NEW. لم يُراجع بشريًا بعد. لا يُعامل كالمحتوى الأصلي المُختار حتى تمرير المالك.
NEW,KEEP,guessing-challenge,تحدي التخمين,countries,بلدان,countries-iraq,identity,العراق,العراق | Iraq,NEW. عنصر قوي مبدئيًا (واضح، شائع، أو خليجي مميز). ليس توقيعًا نهائيًا — أقل ثقة من الأصل.
NEW,NEEDS_REVIEW,guessing-challenge,تحدي التخمين,countries,بلدان,countries-lebanon,identity,لبنان,لبنان | Lebanon,NEW. لم يُراجع بشريًا بعد. لا يُعامل كالمحتوى الأصلي المُختار حتى تمرير المالك.
NEW,NEEDS_REVIEW,guessing-challenge,تحدي التخمين,countries,بلدان,countries-syria,identity,سوريا,سوريا | Syria,NEW. لم يُراجع بشريًا بعد. لا يُعامل كالمحتوى الأصلي المُختار حتى تمرير المالك.
NEW,NEEDS_REVIEW,guessing-challenge,تحدي التخمين,countries,بلدان,countries-yemen,identity,اليمن,اليمن | Yemen,NEW. لم يُراجع بشريًا بعد. لا يُعامل كالمحتوى الأصلي المُختار حتى تمرير المالك.
NEW,NEEDS_REVIEW,guessing-challenge,تحدي التخمين,countries,بلدان,countries-sudan,identity,السودان,السودان | Sudan,NEW. لم يُراجع بشريًا بعد. لا يُعامل كالمحتوى الأصلي المُختار حتى تمرير المالك.
NEW,NEEDS_REVIEW,guessing-challenge,تحدي التخمين,countries,بلدان,countries-pakistan,identity,باكستان,باكستان | Pakistan,NEW. بلد إضافي بأسلوب قائمة أطلس أكثر من موضوع سالفة/تخمين ممتع.
NEW,NEEDS_REVIEW,guessing-challenge,تحدي التخمين,countries,بلدان,countries-russia,identity,روسيا,روسيا | Russia,NEW. لم يُراجع بشريًا بعد. لا يُعامل كالمحتوى الأصلي المُختار حتى تمرير المالك.
NEW,NEEDS_REVIEW,guessing-challenge,تحدي التخمين,countries,بلدان,countries-tunisia,identity,تونس,تونس | Tunisia,NEW. لم يُراجع بشريًا بعد. لا يُعامل كالمحتوى الأصلي المُختار حتى تمرير المالك.
NEW,NEEDS_REVIEW,guessing-challenge,تحدي التخمين,countries,بلدان,countries-algeria,identity,الجزائر,الجزائر | Algeria,NEW. لم يُراجع بشريًا بعد. لا يُعامل كالمحتوى الأصلي المُختار حتى تمرير المالك.
NEW,KEEP,guessing-challenge,تحدي التخمين,countries,بلدان,countries-palestine,identity,فلسطين,فلسطين | Palestine,NEW. عنصر قوي مبدئيًا (واضح، شائع، أو خليجي مميز). ليس توقيعًا نهائيًا — أقل ثقة من الأصل.
NEW,NEEDS_REVIEW,guessing-challenge,تحدي التخمين,countries,بلدان,countries-sweden,identity,السويد,السويد | Sweden,NEW. بلد إضافي بأسلوب قائمة أطلس أكثر من موضوع سالفة/تخمين ممتع.
NEW,NEEDS_REVIEW,guessing-challenge,تحدي التخمين,countries,بلدان,countries-switzerland,identity,سويسرا,سويسرا | Switzerland,NEW. بلد إضافي بأسلوب قائمة أطلس أكثر من موضوع سالفة/تخمين ممتع.
ORIGINAL,KEEP,guessing-challenge,تحدي التخمين,football,كرة قدم,football-1,identity,كريستيانو رونالدو,كريستيانو رونالدو | Cristiano Ronaldo | CR7,ORIGINAL. من المحتوى المُراجع سابقًا؛ لا توجد علة واضحة تستدعي الحذف.
ORIGINAL,KEEP,guessing-challenge,تحدي التخمين,football,كرة قدم,football-2,identity,ليونيل ميسي,ليونيل ميسي | Lionel Messi | ميسي,ORIGINAL. من المحتوى المُراجع سابقًا؛ لا توجد علة واضحة تستدعي الحذف.
ORIGINAL,KEEP,guessing-challenge,تحدي التخمين,football,كرة قدم,football-3,identity,نيمار,نيمار,ORIGINAL. من المحتوى المُراجع سابقًا؛ لا توجد علة واضحة تستدعي الحذف.
ORIGINAL,KEEP,guessing-challenge,تحدي التخمين,football,كرة قدم,football-4,identity,كيليان مبابي,كيليان مبابي,ORIGINAL. من المحتوى المُراجع سابقًا؛ لا توجد علة واضحة تستدعي الحذف.
ORIGINAL,KEEP,guessing-challenge,تحدي التخمين,football,كرة قدم,football-5,identity,محمد صلاح,محمد صلاح,ORIGINAL. من المحتوى المُراجع سابقًا؛ لا توجد علة واضحة تستدعي الحذف.
ORIGINAL,KEEP,guessing-challenge,تحدي التخمين,football,كرة قدم,football-6,identity,كريم بنزيما,كريم بنزيما,ORIGINAL. من المحتوى المُراجع سابقًا؛ لا توجد علة واضحة تستدعي الحذف.
ORIGINAL,KEEP,guessing-challenge,تحدي التخمين,football,كرة قدم,football-7,identity,لوكا مودريتش,لوكا مودريتش,ORIGINAL. من المحتوى المُراجع سابقًا؛ لا توجد علة واضحة تستدعي الحذف.
ORIGINAL,KEEP,guessing-challenge,تحدي التخمين,football,كرة قدم,football-8,identity,روبرت ليفاندوفسكي,روبرت ليفاندوفسكي,ORIGINAL. من المحتوى المُراجع سابقًا؛ لا توجد علة واضحة تستدعي الحذف.
ORIGINAL,KEEP,guessing-challenge,تحدي التخمين,football,كرة قدم,football-9,identity,إيرلينغ هالاند,إيرلينغ هالاند,ORIGINAL. من المحتوى المُراجع سابقًا؛ لا توجد علة واضحة تستدعي الحذف.
ORIGINAL,KEEP,guessing-challenge,تحدي التخمين,football,كرة قدم,football-10,identity,فينيسيوس جونيور,فينيسيوس جونيور,ORIGINAL. من المحتوى المُراجع سابقًا؛ لا توجد علة واضحة تستدعي الحذف.
ORIGINAL,KEEP,guessing-challenge,تحدي التخمين,football,كرة قدم,football-11,identity,رونالدينيو,رونالدينيو,ORIGINAL. من المحتوى المُراجع سابقًا؛ لا توجد علة واضحة تستدعي الحذف.
ORIGINAL,KEEP,guessing-challenge,تحدي التخمين,football,كرة قدم,football-12,identity,زين الدين زيدان,زين الدين زيدان,ORIGINAL. من المحتوى المُراجع سابقًا؛ لا توجد علة واضحة تستدعي الحذف.
ORIGINAL,KEEP,guessing-challenge,تحدي التخمين,football,كرة قدم,football-13,identity,ديفيد بيكهام,ديفيد بيكهام,ORIGINAL. من المحتوى المُراجع سابقًا؛ لا توجد علة واضحة تستدعي الحذف.
ORIGINAL,KEEP,guessing-challenge,تحدي التخمين,football,كرة قدم,football-14,identity,أندريس إنييستا,أندريس إنييستا,ORIGINAL. من المحتوى المُراجع سابقًا؛ لا توجد علة واضحة تستدعي الحذف.
ORIGINAL,KEEP,guessing-challenge,تحدي التخمين,football,كرة قدم,football-15,identity,تشافي,تشافي,ORIGINAL. من المحتوى المُراجع سابقًا؛ لا توجد علة واضحة تستدعي الحذف.
ORIGINAL,KEEP,guessing-challenge,تحدي التخمين,football,كرة قدم,football-16,identity,سيرجيو راموس,سيرجيو راموس,ORIGINAL. من المحتوى المُراجع سابقًا؛ لا توجد علة واضحة تستدعي الحذف.
ORIGINAL,KEEP,guessing-challenge,تحدي التخمين,football,كرة قدم,football-17,identity,بوفون,بوفون,ORIGINAL. من المحتوى المُراجع سابقًا؛ لا توجد علة واضحة تستدعي الحذف.
ORIGINAL,KEEP,guessing-challenge,تحدي التخمين,football,كرة قدم,football-18,identity,رونالدو نازاريو,رونالدو نازاريو,ORIGINAL. من المحتوى المُراجع سابقًا؛ لا توجد علة واضحة تستدعي الحذف.
ORIGINAL,KEEP,guessing-challenge,تحدي التخمين,football,كرة قدم,football-19,identity,بيليه,بيليه,ORIGINAL. من المحتوى المُراجع سابقًا؛ لا توجد علة واضحة تستدعي الحذف.
ORIGINAL,KEEP,guessing-challenge,تحدي التخمين,football,كرة قدم,football-20,identity,مارادونا,مارادونا,ORIGINAL. من المحتوى المُراجع سابقًا؛ لا توجد علة واضحة تستدعي الحذف.
NEW,KEEP,guessing-challenge,تحدي التخمين,football,كرة قدم,football-hilal,identity,الهلال,الهلال | Al Hilal,NEW. عنصر قوي مبدئيًا (واضح، شائع، أو خليجي مميز). ليس توقيعًا نهائيًا — أقل ثقة من الأصل.
NEW,KEEP,guessing-challenge,تحدي التخمين,football,كرة قدم,football-nassr,identity,النصر,النصر | Al Nassr,NEW. عنصر قوي مبدئيًا (واضح، شائع، أو خليجي مميز). ليس توقيعًا نهائيًا — أقل ثقة من الأصل.
NEW,NEEDS_REVIEW,guessing-challenge,تحدي التخمين,football,كرة قدم,football-ittihad,identity,الاتحاد,الاتحاد | Al Ittihad,NEW. لم يُراجع بشريًا بعد. لا يُعامل كالمحتوى الأصلي المُختار حتى تمرير المالك.
NEW,NEEDS_REVIEW,guessing-challenge,تحدي التخمين,football,كرة قدم,football-ahli,identity,الأهلي,الأهلي | Al Ahli,NEW. الأهلي غامض (سعودي/مصري/إماراتي) بدون تحديد.
NEW,KEEP,guessing-challenge,تحدي التخمين,football,كرة قدم,football-barcelona,identity,برشلونة,برشلونة | Barcelona,NEW. عنصر قوي مبدئيًا (واضح، شائع، أو خليجي مميز). ليس توقيعًا نهائيًا — أقل ثقة من الأصل.
NEW,KEEP,guessing-challenge,تحدي التخمين,football,كرة قدم,football-real-madrid,identity,ريال مدريد,ريال مدريد | Real Madrid,NEW. عنصر قوي مبدئيًا (واضح، شائع، أو خليجي مميز). ليس توقيعًا نهائيًا — أقل ثقة من الأصل.
NEW,NEEDS_REVIEW,guessing-challenge,تحدي التخمين,football,كرة قدم,football-liverpool,identity,ليفربول,ليفربول | Liverpool,NEW. لم يُراجع بشريًا بعد. لا يُعامل كالمحتوى الأصلي المُختار حتى تمرير المالك.
NEW,NEEDS_REVIEW,guessing-challenge,تحدي التخمين,football,كرة قدم,football-man-city,identity,مانشستر سيتي,مانشستر سيتي | Manchester City,NEW. لم يُراجع بشريًا بعد. لا يُعامل كالمحتوى الأصلي المُختار حتى تمرير المالك.
NEW,NEEDS_REVIEW,guessing-challenge,تحدي التخمين,football,كرة قدم,football-bayern,identity,بايرن ميونخ,بايرن ميونخ | Bayern Munich,NEW. لم يُراجع بشريًا بعد. لا يُعامل كالمحتوى الأصلي المُختار حتى تمرير المالك.
NEW,NEEDS_REVIEW,guessing-challenge,تحدي التخمين,football,كرة قدم,football-juventus,identity,يوفنتوس,يوفنتوس | Juventus,NEW. لم يُراجع بشريًا بعد. لا يُعامل كالمحتوى الأصلي المُختار حتى تمرير المالك.
NEW,NEEDS_REVIEW,guessing-challenge,تحدي التخمين,football,كرة قدم,football-chelsea,identity,تشيلسي,تشيلسي | Chelsea,NEW. لم يُراجع بشريًا بعد. لا يُعامل كالمحتوى الأصلي المُختار حتى تمرير المالك.
NEW,NEEDS_REVIEW,guessing-challenge,تحدي التخمين,football,كرة قدم,football-arsenal,identity,آرسنال,آرسنال | Arsenal,NEW. لم يُراجع بشريًا بعد. لا يُعامل كالمحتوى الأصلي المُختار حتى تمرير المالك.
NEW,NEEDS_REVIEW,guessing-challenge,تحدي التخمين,football,كرة قدم,football-kaka,identity,كاكا,كاكا | Kaka,NEW. لاعب إضافي على فئة كانت أصلًا 20 لاعبًا. الأندية هي التنويع؛ الأسماء الجديدة تكرار نمط.
NEW,NEEDS_REVIEW,guessing-challenge,تحدي التخمين,football,كرة قدم,football-neuer,identity,نوير,نوير | Neuer,NEW. لاعب إضافي على فئة كانت أصلًا 20 لاعبًا. الأندية هي التنويع؛ الأسماء الجديدة تكرار نمط.
NEW,NEEDS_REVIEW,guessing-challenge,تحدي التخمين,football,كرة قدم,football-de-bruyne,identity,دي بروين,دي بروين | De Bruyne,NEW. لاعب إضافي على فئة كانت أصلًا 20 لاعبًا. الأندية هي التنويع؛ الأسماء الجديدة تكرار نمط.
NEW,NEEDS_REVIEW,guessing-challenge,تحدي التخمين,football,كرة قدم,football-van-dijk,identity,فان دايك,فان دايك | Van Dijk,NEW. لاعب إضافي على فئة كانت أصلًا 20 لاعبًا. الأندية هي التنويع؛ الأسماء الجديدة تكرار نمط.
NEW,NEEDS_REVIEW,guessing-challenge,تحدي التخمين,football,كرة قدم,football-bellingham,identity,بيلينغهام,بيلينغهام | Bellingham,NEW. لاعب إضافي على فئة كانت أصلًا 20 لاعبًا. الأندية هي التنويع؛ الأسماء الجديدة تكرار نمط.
NEW,NEEDS_REVIEW,guessing-challenge,تحدي التخمين,football,كرة قدم,football-ibrahimovic,identity,إبراهيموفيتش,إبراهيموفيتش | Ibrahimovic,NEW. لاعب إضافي على فئة كانت أصلًا 20 لاعبًا. الأندية هي التنويع؛ الأسماء الجديدة تكرار نمط.
NEW,NEEDS_REVIEW,guessing-challenge,تحدي التخمين,football,كرة قدم,football-henry,identity,تييري هنري,تييري هنري | Thierry Henry,NEW. لاعب إضافي؛ الفئة الأصلية كانت 20 لاعبًا أصلًا. الأندية هي التنويع الحقيقي.
NEW,NEEDS_REVIEW,guessing-challenge,تحدي التخمين,football,كرة قدم,football-kante,identity,كانتي,كانتي | Kante,NEW. لاعب إضافي على فئة كانت أصلًا 20 لاعبًا. الأندية هي التنويع؛ الأسماء الجديدة تكرار نمط.
ORIGINAL,KEEP,guessing-challenge,تحدي التخمين,series,مسلسلات,series-1,identity,Breaking Bad,Breaking Bad | بريكنق باد | بريكنغ باد,ORIGINAL. من المحتوى المُراجع سابقًا؛ لا توجد علة واضحة تستدعي الحذف.
ORIGINAL,KEEP,guessing-challenge,تحدي التخمين,series,مسلسلات,series-2,identity,Game of Thrones,Game of Thrones | جيم أوف ثرونز,ORIGINAL. من المحتوى المُراجع سابقًا؛ لا توجد علة واضحة تستدعي الحذف.
ORIGINAL,KEEP,guessing-challenge,تحدي التخمين,series,مسلسلات,series-3,identity,Prison Break,Prison Break,ORIGINAL. من المحتوى المُراجع سابقًا؛ لا توجد علة واضحة تستدعي الحذف.
ORIGINAL,KEEP,guessing-challenge,تحدي التخمين,series,مسلسلات,series-4,identity,The Walking Dead,The Walking Dead | ذا ووكينغ ديد,ORIGINAL. من المحتوى المُراجع سابقًا؛ لا توجد علة واضحة تستدعي الحذف.
ORIGINAL,KEEP,guessing-challenge,تحدي التخمين,series,مسلسلات,series-5,identity,Peaky Blinders,Peaky Blinders | بيكي بلايندرز,ORIGINAL. من المحتوى المُراجع سابقًا؛ لا توجد علة واضحة تستدعي الحذف.
ORIGINAL,KEEP,guessing-challenge,تحدي التخمين,series,مسلسلات,series-6,identity,Stranger Things,Stranger Things,ORIGINAL. من المحتوى المُراجع سابقًا؛ لا توجد علة واضحة تستدعي الحذف.
ORIGINAL,KEEP,guessing-challenge,تحدي التخمين,series,مسلسلات,series-7,identity,Money Heist,Money Heist | La Casa de Papel | لا كاسا دي بابيل,ORIGINAL. من المحتوى المُراجع سابقًا؛ لا توجد علة واضحة تستدعي الحذف.
ORIGINAL,KEEP,guessing-challenge,تحدي التخمين,series,مسلسلات,series-8,identity,The Boys,The Boys,ORIGINAL. من المحتوى المُراجع سابقًا؛ لا توجد علة واضحة تستدعي الحذف.
ORIGINAL,KEEP,guessing-challenge,تحدي التخمين,series,مسلسلات,series-9,identity,Dexter,Dexter,ORIGINAL. من المحتوى المُراجع سابقًا؛ لا توجد علة واضحة تستدعي الحذف.
ORIGINAL,KEEP,guessing-challenge,تحدي التخمين,series,مسلسلات,series-10,identity,Sherlock,Sherlock,ORIGINAL. من المحتوى المُراجع سابقًا؛ لا توجد علة واضحة تستدعي الحذف.
ORIGINAL,KEEP,guessing-challenge,تحدي التخمين,series,مسلسلات,series-11,identity,The Last of Us,The Last of Us | ذا لاست أوف أس,ORIGINAL. من المحتوى المُراجع سابقًا؛ لا توجد علة واضحة تستدعي الحذف.
ORIGINAL,KEEP,guessing-challenge,تحدي التخمين,series,مسلسلات,series-12,identity,Squid Game,Squid Game,ORIGINAL. من المحتوى المُراجع سابقًا؛ لا توجد علة واضحة تستدعي الحذف.
ORIGINAL,KEEP,guessing-challenge,تحدي التخمين,series,مسلسلات,series-13,identity,Better Call Saul,Better Call Saul | بيتر كول سول,ORIGINAL. من المحتوى المُراجع سابقًا؛ لا توجد علة واضحة تستدعي الحذف.
ORIGINAL,KEEP,guessing-challenge,تحدي التخمين,series,مسلسلات,series-14,identity,Vikings,Vikings | فايكنغز | فايكنجز,ORIGINAL. من المحتوى المُراجع سابقًا؛ لا توجد علة واضحة تستدعي الحذف.
ORIGINAL,KEEP,guessing-challenge,تحدي التخمين,series,مسلسلات,series-15,identity,Lost,Lost,ORIGINAL. من المحتوى المُراجع سابقًا؛ لا توجد علة واضحة تستدعي الحذف.
ORIGINAL,KEEP,guessing-challenge,تحدي التخمين,series,مسلسلات,series-16,identity,The Witcher,The Witcher | ذا ويتشر | The Witcher 3 | ويتشر 3,ORIGINAL. من المحتوى المُراجع سابقًا؛ لا توجد علة واضحة تستدعي الحذف.
ORIGINAL,KEEP,guessing-challenge,تحدي التخمين,series,مسلسلات,series-17,identity,House of the Dragon,House of the Dragon,ORIGINAL. من المحتوى المُراجع سابقًا؛ لا توجد علة واضحة تستدعي الحذف.
ORIGINAL,KEEP,guessing-challenge,تحدي التخمين,series,مسلسلات,series-18,identity,The Sopranos,The Sopranos | ذا سوبرانوز | سوبرانوز,ORIGINAL. من المحتوى المُراجع سابقًا؛ لا توجد علة واضحة تستدعي الحذف.
ORIGINAL,KEEP,guessing-challenge,تحدي التخمين,series,مسلسلات,series-19,identity,Narcos,Narcos | ناركوس,ORIGINAL. من المحتوى المُراجع سابقًا؛ لا توجد علة واضحة تستدعي الحذف.
ORIGINAL,KEEP,guessing-challenge,تحدي التخمين,series,مسلسلات,series-20,identity,Suits,Suits,ORIGINAL. من المحتوى المُراجع سابقًا؛ لا توجد علة واضحة تستدعي الحذف.
NEW,KEEP,guessing-challenge,تحدي التخمين,series,مسلسلات,series-friends,identity,Friends,Friends | فريندز,NEW. عنصر قوي مبدئيًا (واضح، شائع، أو خليجي مميز). ليس توقيعًا نهائيًا — أقل ثقة من الأصل.
NEW,KEEP,guessing-challenge,تحدي التخمين,series,مسلسلات,series-office,identity,The Office,The Office | ذا أوفيس,NEW. عنصر قوي مبدئيًا (واضح، شائع، أو خليجي مميز). ليس توقيعًا نهائيًا — أقل ثقة من الأصل.
NEW,KEEP,guessing-challenge,تحدي التخمين,series,مسلسلات,series-wednesday,identity,Wednesday,Wednesday | وينزداي,NEW. عنصر قوي مبدئيًا (واضح، شائع، أو خليجي مميز). ليس توقيعًا نهائيًا — أقل ثقة من الأصل.
NEW,NEEDS_REVIEW,guessing-challenge,تحدي التخمين,series,مسلسلات,series-dark,identity,Dark,Dark | دارك,NEW. أضعف شهرة في مجموعة حفلات خليجية عامة من الكتالوج الأصلي.
NEW,NEEDS_REVIEW,guessing-challenge,تحدي التخمين,series,مسلسلات,series-black-mirror,identity,Black Mirror,Black Mirror | بلاك ميرور,NEW. لم يُراجع بشريًا بعد. لا يُعامل كالمحتوى الأصلي المُختار حتى تمرير المالك.
NEW,NEEDS_REVIEW,guessing-challenge,تحدي التخمين,series,مسلسلات,series-arcane,identity,Arcane,Arcane | أركين,NEW. أضعف شهرة في مجموعة حفلات خليجية عامة من الكتالوج الأصلي.
NEW,NEEDS_REVIEW,guessing-challenge,تحدي التخمين,series,مسلسلات,series-bear,identity,The Bear,The Bear | ذا بير,NEW. أضعف شهرة في مجموعة حفلات خليجية عامة من الكتالوج الأصلي.
NEW,NEEDS_REVIEW,guessing-challenge,تحدي التخمين,series,مسلسلات,series-succession,identity,Succession,Succession | سكسيشن,NEW. أضعف شهرة في مجموعة حفلات خليجية عامة من الكتالوج الأصلي.
NEW,NEEDS_REVIEW,guessing-challenge,تحدي التخمين,series,مسلسلات,series-crown,identity,The Crown,The Crown | ذا كراون,NEW. أضعف شهرة في مجموعة حفلات خليجية عامة من الكتالوج الأصلي.
NEW,NEEDS_REVIEW,guessing-challenge,تحدي التخمين,series,مسلسلات,series-house,identity,House,House | هاوس,NEW. أضعف شهرة في مجموعة حفلات خليجية عامة من الكتالوج الأصلي.
NEW,NEEDS_REVIEW,guessing-challenge,تحدي التخمين,series,مسلسلات,series-mandalorian,identity,The Mandalorian,The Mandalorian | ماندلوريان,NEW. لم يُراجع بشريًا بعد. لا يُعامل كالمحتوى الأصلي المُختار حتى تمرير المالك.
NEW,FIX,guessing-challenge,تحدي التخمين,series,مسلسلات,series-himym,identity,How I Met Your Mother,How I Met Your Mother,NEW. لا يوجد مقابل عربي شائع في accepted answers.
NEW,FIX,guessing-challenge,تحدي التخمين,series,مسلسلات,series-b99,identity,Brooklyn Nine-Nine,Brooklyn Nine-Nine,NEW. لا يوجد مقابل عربي.
NEW,NEEDS_REVIEW,guessing-challenge,تحدي التخمين,series,مسلسلات,series-the-wire,identity,The Wire,The Wire | ذا واير,NEW. أضعف شهرة في مجموعة حفلات خليجية عامة من الكتالوج الأصلي.
NEW,NEEDS_REVIEW,guessing-challenge,تحدي التخمين,series,مسلسلات,series-fargo,identity,Fargo,Fargo | فارغو,NEW. أضعف شهرة في مجموعة حفلات خليجية عامة من الكتالوج الأصلي.
NEW,FIX,guessing-challenge,تحدي التخمين,series,مسلسلات,series-true-detective,identity,True Detective,True Detective,NEW. لا يوجد مقابل عربي، والعنوان نيش أصلًا.
NEW,NEEDS_REVIEW,guessing-challenge,تحدي التخمين,series,مسلسلات,series-seinfeld,identity,Seinfeld,Seinfeld | ساينفلد,NEW. لم يُراجع بشريًا بعد. لا يُعامل كالمحتوى الأصلي المُختار حتى تمرير المالك.
NEW,FIX,guessing-challenge,تحدي التخمين,series,مسلسلات,series-expanse,identity,The Expanse,The Expanse,NEW. لا يوجد مقابل عربي، والعنوان نيش أصلًا.
NEW,NEEDS_REVIEW,guessing-challenge,تحدي التخمين,series,مسلسلات,series-andor,identity,Andor,Andor | أندور,NEW. أضعف شهرة في مجموعة حفلات خليجية عامة من الكتالوج الأصلي.
NEW,NEEDS_REVIEW,guessing-challenge,تحدي التخمين,series,مسلسلات,series-ted-lasso,identity,Ted Lasso,Ted Lasso | تيد لاسو,NEW. لم يُراجع بشريًا بعد. لا يُعامل كالمحتوى الأصلي المُختار حتى تمرير المالك.
ORIGINAL,KEEP,guessing-challenge,تحدي التخمين,games,ألعاب,games-1,identity,Minecraft,Minecraft | ماينكرافت,ORIGINAL. من المحتوى المُراجع سابقًا؛ لا توجد علة واضحة تستدعي الحذف.
ORIGINAL,KEEP,guessing-challenge,تحدي التخمين,games,ألعاب,games-2,identity,Fortnite,Fortnite | فورتنايت,ORIGINAL. من المحتوى المُراجع سابقًا؛ لا توجد علة واضحة تستدعي الحذف.
ORIGINAL,KEEP,guessing-challenge,تحدي التخمين,games,ألعاب,games-3,identity,PUBG,PUBG | ببجي | PlayerUnknown's Battlegrounds,ORIGINAL. من المحتوى المُراجع سابقًا؛ لا توجد علة واضحة تستدعي الحذف.
ORIGINAL,KEEP,guessing-challenge,تحدي التخمين,games,ألعاب,games-4,identity,GTA V,GTA V | GTA 5 | قراند 5 | Grand Theft Auto V,ORIGINAL. من المحتوى المُراجع سابقًا؛ لا توجد علة واضحة تستدعي الحذف.
ORIGINAL,KEEP,guessing-challenge,تحدي التخمين,games,ألعاب,games-5,identity,Call of Duty,Call of Duty | كول أوف ديوتي | COD,ORIGINAL. من المحتوى المُراجع سابقًا؛ لا توجد علة واضحة تستدعي الحذف.
ORIGINAL,KEEP,guessing-challenge,تحدي التخمين,games,ألعاب,games-6,identity,FIFA,FIFA | EA Sports FC | EA FC | فيفا,ORIGINAL. من المحتوى المُراجع سابقًا؛ لا توجد علة واضحة تستدعي الحذف.
ORIGINAL,KEEP,guessing-challenge,تحدي التخمين,games,ألعاب,games-7,identity,Rocket League,Rocket League | روكيت ليق | روكيت ليغ,ORIGINAL. من المحتوى المُراجع سابقًا؛ لا توجد علة واضحة تستدعي الحذف.
ORIGINAL,KEEP,guessing-challenge,تحدي التخمين,games,ألعاب,games-8,identity,Valorant,Valorant | فالورانت,ORIGINAL. من المحتوى المُراجع سابقًا؛ لا توجد علة واضحة تستدعي الحذف.
ORIGINAL,KEEP,guessing-challenge,تحدي التخمين,games,ألعاب,games-9,identity,League of Legends,League of Legends,ORIGINAL. من المحتوى المُراجع سابقًا؛ لا توجد علة واضحة تستدعي الحذف.
ORIGINAL,KEEP,guessing-challenge,تحدي التخمين,games,ألعاب,games-10,identity,Counter-Strike,Counter-Strike | كاونتر سترايك | CS | CS2,ORIGINAL. من المحتوى المُراجع سابقًا؛ لا توجد علة واضحة تستدعي الحذف.
ORIGINAL,KEEP,guessing-challenge,تحدي التخمين,games,ألعاب,games-11,identity,Overwatch,Overwatch | أوفرواتش,ORIGINAL. من المحتوى المُراجع سابقًا؛ لا توجد علة واضحة تستدعي الحذف.
ORIGINAL,KEEP,guessing-challenge,تحدي التخمين,games,ألعاب,games-12,identity,Marvel Rivals,Marvel Rivals | مارفل رايفلز | مارفل ريفالز,ORIGINAL. من المحتوى المُراجع سابقًا؛ لا توجد علة واضحة تستدعي الحذف.
ORIGINAL,KEEP,guessing-challenge,تحدي التخمين,games,ألعاب,games-13,identity,Among Us,Among Us | امونغ اس,ORIGINAL. من المحتوى المُراجع سابقًا؛ لا توجد علة واضحة تستدعي الحذف.
ORIGINAL,KEEP,guessing-challenge,تحدي التخمين,games,ألعاب,games-14,identity,The Last of Us,The Last of Us | ذا لاست أوف أس,ORIGINAL. من المحتوى المُراجع سابقًا؛ لا توجد علة واضحة تستدعي الحذف.
ORIGINAL,KEEP,guessing-challenge,تحدي التخمين,games,ألعاب,games-15,identity,Red Dead Redemption 2,Red Dead Redemption 2 | ريد ديد 2 | RDR2,ORIGINAL. من المحتوى المُراجع سابقًا؛ لا توجد علة واضحة تستدعي الحذف.
ORIGINAL,KEEP,guessing-challenge,تحدي التخمين,games,ألعاب,games-16,identity,Resident Evil,Resident Evil | ريزدنت إيفل | رزدنت ايفل,ORIGINAL. من المحتوى المُراجع سابقًا؛ لا توجد علة واضحة تستدعي الحذف.
ORIGINAL,KEEP,guessing-challenge,تحدي التخمين,games,ألعاب,games-17,identity,Assassin’s Creed,Assassin’s Creed | اساسنز كريد,ORIGINAL. من المحتوى المُراجع سابقًا؛ لا توجد علة واضحة تستدعي الحذف.
ORIGINAL,KEEP,guessing-challenge,تحدي التخمين,games,ألعاب,games-18,identity,God of War,God of War | قاد أوف وور | جاد أوف وور,ORIGINAL. من المحتوى المُراجع سابقًا؛ لا توجد علة واضحة تستدعي الحذف.
ORIGINAL,KEEP,guessing-challenge,تحدي التخمين,games,ألعاب,games-19,identity,Elden Ring,Elden Ring | إلدن رينغ | الدن رينق,ORIGINAL. من المحتوى المُراجع سابقًا؛ لا توجد علة واضحة تستدعي الحذف.
ORIGINAL,KEEP,guessing-challenge,تحدي التخمين,games,ألعاب,games-20,identity,Spider-Man,Spider-Man | Marvel’s Spider-Man | سبايدرمان,ORIGINAL. من المحتوى المُراجع سابقًا؛ لا توجد علة واضحة تستدعي الحذف.
NEW,FIX,guessing-challenge,تحدي التخمين,games,ألعاب,games-mario,identity,Super Mario,Super Mario | ماريو,NEW. يقبل «ماريو» ولا «Mario» اللاتيني.
NEW,KEEP,guessing-challenge,تحدي التخمين,games,ألعاب,games-zelda,identity,The Legend of Zelda,The Legend of Zelda | Zelda | زيلدا,NEW. عنصر قوي مبدئيًا (واضح، شائع، أو خليجي مميز). ليس توقيعًا نهائيًا — أقل ثقة من الأصل.
NEW,KEEP,guessing-challenge,تحدي التخمين,games,ألعاب,games-pokemon,identity,Pokemon,Pokemon | بوكيمون,NEW. عنصر قوي مبدئيًا (واضح، شائع، أو خليجي مميز). ليس توقيعًا نهائيًا — أقل ثقة من الأصل.
NEW,NEEDS_REVIEW,guessing-challenge,تحدي التخمين,games,ألعاب,games-roblox,identity,Roblox,Roblox | روبلوكس,NEW. لم يُراجع بشريًا بعد. لا يُعامل كالمحتوى الأصلي المُختار حتى تمرير المالك.
NEW,NEEDS_REVIEW,guessing-challenge,تحدي التخمين,games,ألعاب,games-free-fire,identity,Free Fire,Free Fire | فري فاير,NEW. لم يُراجع بشريًا بعد. لا يُعامل كالمحتوى الأصلي المُختار حتى تمرير المالك.
NEW,NEEDS_REVIEW,guessing-challenge,تحدي التخمين,games,ألعاب,games-clash-clans,identity,Clash of Clans,Clash of Clans | كلاش أوف كلانس,NEW. لم يُراجع بشريًا بعد. لا يُعامل كالمحتوى الأصلي المُختار حتى تمرير المالك.
NEW,NEEDS_REVIEW,guessing-challenge,تحدي التخمين,games,ألعاب,games-genshin,identity,Genshin Impact,Genshin Impact | جينشن,NEW. أضعف شهرة في مجموعة حفلات خليجية عامة من الكتالوج الأصلي.
NEW,NEEDS_REVIEW,guessing-challenge,تحدي التخمين,games,ألعاب,games-tekken,identity,Tekken,Tekken | تيكن,NEW. لم يُراجع بشريًا بعد. لا يُعامل كالمحتوى الأصلي المُختار حتى تمرير المالك.
NEW,NEEDS_REVIEW,guessing-challenge,تحدي التخمين,games,ألعاب,games-tetris,identity,Tetris,Tetris | تتريس,NEW. لم يُراجع بشريًا بعد. لا يُعامل كالمحتوى الأصلي المُختار حتى تمرير المالك.
NEW,NEEDS_REVIEW,guessing-challenge,تحدي التخمين,games,ألعاب,games-pacman,identity,Pac-Man,Pac-Man | باك مان,NEW. لم يُراجع بشريًا بعد. لا يُعامل كالمحتوى الأصلي المُختار حتى تمرير المالك.
NEW,NEEDS_REVIEW,guessing-challenge,تحدي التخمين,games,ألعاب,games-skyrim,identity,Skyrim,Skyrim | سكايرم,NEW. أضعف شهرة في مجموعة حفلات خليجية عامة من الكتالوج الأصلي.
NEW,NEAR_DUPLICATE,guessing-challenge,تحدي التخمين,games,ألعاب,games-efootball,identity,eFootball,eFootball | PES | بيس,NEW. eFootball/PES بجانب FIFA الأصلي.
NEW,NEEDS_REVIEW,guessing-challenge,تحدي التخمين,games,ألعاب,games-sims,identity,The Sims,The Sims | ذا سيمز,NEW. لم يُراجع بشريًا بعد. لا يُعامل كالمحتوى الأصلي المُختار حتى تمرير المالك.
NEW,NEAR_DUPLICATE,guessing-challenge,تحدي التخمين,games,ألعاب,games-dark-souls,identity,Dark Souls,Dark Souls | دارك سولز,NEW. دارك سولز بجانب إلدن رينغ الأصلي (نفس الاستوديو/النوع).
NEW,NEAR_DUPLICATE,guessing-challenge,تحدي التخمين,games,ألعاب,games-clash-royale,identity,Clash Royale,Clash Royale | كلاش رويال,NEW. كلاش رويال بجانب كلاش أوف كلانس الجديد.
NEW,NEEDS_REVIEW,guessing-challenge,تحدي التخمين,games,ألعاب,games-candy-crush,identity,Candy Crush,Candy Crush | كاندي كراش,NEW. لم يُراجع بشريًا بعد. لا يُعامل كالمحتوى الأصلي المُختار حتى تمرير المالك.
NEW,FIX,guessing-challenge,تحدي التخمين,games,ألعاب,games-hollow-knight,identity,Hollow Knight,Hollow Knight,NEW. لا يوجد مقابل عربي، والعنوان نيش.
NEW,NEEDS_REVIEW,guessing-challenge,تحدي التخمين,games,ألعاب,games-baldurs,identity,Baldur’s Gate 3,Baldur’s Gate 3 | بالدرز غيت,NEW. أضعف شهرة في مجموعة حفلات خليجية عامة من الكتالوج الأصلي.
NEW,FIX,guessing-challenge,تحدي التخمين,games,ألعاب,games-subway,identity,Subway Surfers,Subway Surfers,NEW. لا يوجد مقابل عربي لـ Subway Surfers.
NEW,NEEDS_REVIEW,guessing-challenge,تحدي التخمين,games,ألعاب,games-dota,identity,Dota 2,Dota 2 | دوتا,NEW. أضعف شهرة في مجموعة حفلات خليجية عامة من الكتالوج الأصلي.
ORIGINAL,KEEP,guessing-challenge,تحدي التخمين,tech,تقنيات,tech-1,identity,آيفون,آيفون | iPhone,ORIGINAL. من المحتوى المُراجع سابقًا؛ لا توجد علة واضحة تستدعي الحذف.
ORIGINAL,KEEP,guessing-challenge,تحدي التخمين,tech,تقنيات,tech-2,identity,أندرويد,أندرويد,ORIGINAL. من المحتوى المُراجع سابقًا؛ لا توجد علة واضحة تستدعي الحذف.
ORIGINAL,KEEP,guessing-challenge,تحدي التخمين,tech,تقنيات,tech-3,identity,ويندوز,ويندوز,ORIGINAL. من المحتوى المُراجع سابقًا؛ لا توجد علة واضحة تستدعي الحذف.
ORIGINAL,KEEP,guessing-challenge,تحدي التخمين,tech,تقنيات,tech-4,identity,ماك,ماك,ORIGINAL. من المحتوى المُراجع سابقًا؛ لا توجد علة واضحة تستدعي الحذف.
ORIGINAL,KEEP,guessing-challenge,تحدي التخمين,tech,تقنيات,tech-5,identity,بلايستيشن,بلايستيشن,ORIGINAL. من المحتوى المُراجع سابقًا؛ لا توجد علة واضحة تستدعي الحذف.
ORIGINAL,KEEP,guessing-challenge,تحدي التخمين,tech,تقنيات,tech-6,identity,إكس بوكس,إكس بوكس,ORIGINAL. من المحتوى المُراجع سابقًا؛ لا توجد علة واضحة تستدعي الحذف.
ORIGINAL,KEEP,guessing-challenge,تحدي التخمين,tech,تقنيات,tech-7,identity,نينتندو سويتش,نينتندو سويتش,ORIGINAL. من المحتوى المُراجع سابقًا؛ لا توجد علة واضحة تستدعي الحذف.
ORIGINAL,KEEP,guessing-challenge,تحدي التخمين,tech,تقنيات,tech-8,identity,لابتوب,لابتوب,ORIGINAL. من المحتوى المُراجع سابقًا؛ لا توجد علة واضحة تستدعي الحذف.
ORIGINAL,KEEP,guessing-challenge,تحدي التخمين,tech,تقنيات,tech-9,identity,كمبيوتر,كمبيوتر,ORIGINAL. من المحتوى المُراجع سابقًا؛ لا توجد علة واضحة تستدعي الحذف.
ORIGINAL,KEEP,guessing-challenge,تحدي التخمين,tech,تقنيات,tech-10,identity,روبوت,روبوت,ORIGINAL. من المحتوى المُراجع سابقًا؛ لا توجد علة واضحة تستدعي الحذف.
ORIGINAL,KEEP,guessing-challenge,تحدي التخمين,tech,تقنيات,tech-11,identity,درون,درون,ORIGINAL. من المحتوى المُراجع سابقًا؛ لا توجد علة واضحة تستدعي الحذف.
ORIGINAL,KEEP,guessing-challenge,تحدي التخمين,tech,تقنيات,tech-12,identity,ساعة ذكية,ساعة ذكية,ORIGINAL. من المحتوى المُراجع سابقًا؛ لا توجد علة واضحة تستدعي الحذف.
ORIGINAL,KEEP,guessing-challenge,تحدي التخمين,tech,تقنيات,tech-13,identity,سماعات لاسلكية,سماعات لاسلكية,ORIGINAL. من المحتوى المُراجع سابقًا؛ لا توجد علة واضحة تستدعي الحذف.
ORIGINAL,KEEP,guessing-challenge,تحدي التخمين,tech,تقنيات,tech-14,identity,كاميرا,كاميرا,ORIGINAL. من المحتوى المُراجع سابقًا؛ لا توجد علة واضحة تستدعي الحذف.
ORIGINAL,KEEP,guessing-challenge,تحدي التخمين,tech,تقنيات,tech-15,identity,طابعة,طابعة,ORIGINAL. من المحتوى المُراجع سابقًا؛ لا توجد علة واضحة تستدعي الحذف.
ORIGINAL,KEEP,guessing-challenge,تحدي التخمين,tech,تقنيات,tech-16,identity,فلاش ميموري,فلاش ميموري,ORIGINAL. من المحتوى المُراجع سابقًا؛ لا توجد علة واضحة تستدعي الحذف.
ORIGINAL,KEEP,guessing-challenge,تحدي التخمين,tech,تقنيات,tech-17,identity,باور بانك,باور بانك,ORIGINAL. من المحتوى المُراجع سابقًا؛ لا توجد علة واضحة تستدعي الحذف.
ORIGINAL,KEEP,guessing-challenge,تحدي التخمين,tech,تقنيات,tech-18,identity,نظارة واقع افتراضي,نظارة واقع افتراضي,ORIGINAL. من المحتوى المُراجع سابقًا؛ لا توجد علة واضحة تستدعي الحذف.
NEW,KEEP,guessing-challenge,تحدي التخمين,tech,تقنيات,tech-whatsapp,identity,واتساب,واتساب | WhatsApp,NEW. عنصر قوي مبدئيًا (واضح، شائع، أو خليجي مميز). ليس توقيعًا نهائيًا — أقل ثقة من الأصل.
NEW,KEEP,guessing-challenge,تحدي التخمين,tech,تقنيات,tech-youtube,identity,يوتيوب,يوتيوب | YouTube,NEW. عنصر قوي مبدئيًا (واضح، شائع، أو خليجي مميز). ليس توقيعًا نهائيًا — أقل ثقة من الأصل.
NEW,KEEP,guessing-challenge,تحدي التخمين,tech,تقنيات,tech-tiktok,identity,تيك توك,تيك توك | TikTok,NEW. عنصر قوي مبدئيًا (واضح، شائع، أو خليجي مميز). ليس توقيعًا نهائيًا — أقل ثقة من الأصل.
NEW,KEEP,guessing-challenge,تحدي التخمين,tech,تقنيات,tech-instagram,identity,إنستغرام,إنستغرام | Instagram,NEW. عنصر قوي مبدئيًا (واضح، شائع، أو خليجي مميز). ليس توقيعًا نهائيًا — أقل ثقة من الأصل.
NEW,KEEP,guessing-challenge,تحدي التخمين,tech,تقنيات,tech-snapchat,identity,سناب شات,سناب شات | Snapchat,NEW. عنصر قوي مبدئيًا (واضح، شائع، أو خليجي مميز). ليس توقيعًا نهائيًا — أقل ثقة من الأصل.
NEW,NEEDS_REVIEW,guessing-challenge,تحدي التخمين,tech,تقنيات,tech-google,identity,جوجل,جوجل | Google,NEW. لم يُراجع بشريًا بعد. لا يُعامل كالمحتوى الأصلي المُختار حتى تمرير المالك.
NEW,NEEDS_REVIEW,guessing-challenge,تحدي التخمين,tech,تقنيات,tech-wifi,identity,واي فاي,واي فاي | WiFi,NEW. لم يُراجع بشريًا بعد. لا يُعامل كالمحتوى الأصلي المُختار حتى تمرير المالك.
NEW,NEEDS_REVIEW,guessing-challenge,تحدي التخمين,tech,تقنيات,tech-charger,identity,شاحن,شاحن | Charger,NEW. لم يُراجع بشريًا بعد. لا يُعامل كالمحتوى الأصلي المُختار حتى تمرير المالك.
NEW,NEEDS_REVIEW,guessing-challenge,تحدي التخمين,tech,تقنيات,tech-router,identity,راوتر,راوتر | Router,NEW. لم يُراجع بشريًا بعد. لا يُعامل كالمحتوى الأصلي المُختار حتى تمرير المالك.
NEW,NEEDS_REVIEW,guessing-challenge,تحدي التخمين,tech,تقنيات,tech-tv,identity,تلفاز,تلفاز | TV,NEW. لم يُراجع بشريًا بعد. لا يُعامل كالمحتوى الأصلي المُختار حتى تمرير المالك.
NEW,NEEDS_REVIEW,guessing-challenge,تحدي التخمين,tech,تقنيات,tech-tablet,identity,تابلت,تابلت | Tablet,NEW. لم يُراجع بشريًا بعد. لا يُعامل كالمحتوى الأصلي المُختار حتى تمرير المالك.
NEW,NEAR_DUPLICATE,guessing-challenge,تحدي التخمين,tech,تقنيات,tech-airpods,identity,إيربودز,إيربودز | AirPods,NEW. إيربودز بجانب سماعات لاسلكية الأصلية.
NEW,NEEDS_REVIEW,guessing-challenge,تحدي التخمين,tech,تقنيات,tech-ai,identity,ذكاء اصطناعي,ذكاء اصطناعي | AI,NEW. لم يُراجع بشريًا بعد. لا يُعامل كالمحتوى الأصلي المُختار حتى تمرير المالك.
NEW,NEEDS_REVIEW,guessing-challenge,تحدي التخمين,tech,تقنيات,tech-remote,identity,ريموت,ريموت | Remote,NEW. لم يُراجع بشريًا بعد. لا يُعامل كالمحتوى الأصلي المُختار حتى تمرير المالك.
NEW,NEEDS_REVIEW,guessing-challenge,تحدي التخمين,tech,تقنيات,tech-battery,identity,بطارية,بطارية | Battery,NEW. عنصر عام/فضفاض. قد يُرسم أو يُخمَّن بأي شيء، أو يكرّر مفهومًا أبسط من الأصل.
NEW,NEEDS_REVIEW,guessing-challenge,تحدي التخمين,tech,تقنيات,tech-calculator,identity,آلة حاسبة,آلة حاسبة | Calculator,NEW. عنصر عام/فضفاض. قد يُرسم أو يُخمَّن بأي شيء، أو يكرّر مفهومًا أبسط من الأصل.
NEW,NEEDS_REVIEW,guessing-challenge,تحدي التخمين,tech,تقنيات,tech-keyboard,identity,لوحة مفاتيح,لوحة مفاتيح | Keyboard,NEW. لم يُراجع بشريًا بعد. لا يُعامل كالمحتوى الأصلي المُختار حتى تمرير المالك.
NEW,NEEDS_REVIEW,guessing-challenge,تحدي التخمين,tech,تقنيات,tech-mouse,identity,ماوس,ماوس | Mouse,NEW. لم يُراجع بشريًا بعد. لا يُعامل كالمحتوى الأصلي المُختار حتى تمرير المالك.
NEW,FIX,guessing-challenge,تحدي التخمين,tech,تقنيات,tech-usb,identity,يو اس بي,يو اس بي,NEW. لا يوجد USB الإنجليزي. قريب مفاهيميًا من فلاش ميموري الأصلي.
NEW,NEEDS_REVIEW,guessing-challenge,تحدي التخمين,tech,تقنيات,tech-sim,identity,شريحة جوال,شريحة جوال | SIM,NEW. لم يُراجع بشريًا بعد. لا يُعامل كالمحتوى الأصلي المُختار حتى تمرير المالك.
NEW,NEEDS_REVIEW,guessing-challenge,تحدي التخمين,tech,تقنيات,tech-satellite,identity,ستلايت,ستلايت | Satellite,NEW. لم يُراجع بشريًا بعد. لا يُعامل كالمحتوى الأصلي المُختار حتى تمرير المالك.
NEW,NEEDS_REVIEW,guessing-challenge,تحدي التخمين,tech,تقنيات,tech-radio,identity,راديو,راديو | Radio,NEW. عنصر عام/فضفاض. قد يُرسم أو يُخمَّن بأي شيء، أو يكرّر مفهومًا أبسط من الأصل.
